"iso3","region","year","life_expectancy","healthy_life_expectancy","health_exp_pct_gdp","gap"
"AGO","Africa",2000,49.36774351,42.8471807,1.68525279,6.52056280999999
"AGO","Africa",2001,50.06036648,43.42967742,3.95882654,6.63068906
"AGO","Africa",2002,51.05750193,44.27867087,2.9398222,6.77883106
"AGO","Africa",2003,51.74053195,44.87989285,3.10680342,6.8606391
"AGO","Africa",2004,52.3558271,45.43836443,3.46084046,6.91746267
"AGO","Africa",2005,53.34585395,46.28798858,2.54726577,7.05786537
"AGO","Africa",2006,54.27926946,47.10596653,2.39833426,7.17330293
"AGO","Africa",2007,55.35489997,48.04794308,2.65790844,7.30695689
"AGO","Africa",2008,56.22016209,48.8268575,2.97807598,7.39330459
"AGO","Africa",2009,57.07394875,49.59239612,3.30655909,7.48155263
"AGO","Africa",2010,57.96461105,50.36859207,2.36373854,7.59601898
"AGO","Africa",2011,58.75334146,51.05446448,2.35561895,7.69887698
"AGO","Africa",2012,59.46233734,51.67331406,2.13677311,7.78902328
"AGO","Africa",2013,60.21682799,52.32705987,2.4297719,7.88976812
"AGO","Africa",2014,61.13534716,53.09963627,2.15680027,8.03571089
"AGO","Africa",2015,61.59307464,53.49860069,2.29966879,8.09447394999999
"AGO","Africa",2016,61.84956314,53.72970361,2.39068723,8.11985953
"AGO","Africa",2017,62.03682911,53.90308468,2.4379425,8.13374443
"AGO","Africa",2018,62.27158067,54.11595761,2.29887486,8.15562306
"AGO","Africa",2019,62.49147407,54.31664954,2.20394278,8.17482453
"AGO","Africa",2020,62.64827403,54.32812945,2.81688905,8.32014458
"AGO","Africa",2021,62.13113467,53.76187008,2.73987103,8.36926459
"BDI","Africa",2000,44.3609182,38.7963474,4.22181606,5.5645708
"BDI","Africa",2001,45.560229,39.78856821,5.68180418,5.77166079
"BDI","Africa",2002,46.77202104,40.81189024,5.34983587,5.9601308
"BDI","Africa",2003,47.93043118,41.79675643,5.27245188,6.13367475
"BDI","Africa",2004,49.43158352,43.07729666,7.09572744,6.35428686
"BDI","Africa",2005,50.9090504,44.32195311,7.56016588,6.58709729
"BDI","Africa",2006,54.95514765,47.78586687,8.71264839,7.16928078
"BDI","Africa",2007,56.45412415,49.10419145,9.1855402,7.3499327
"BDI","Africa",2008,57.79081906,50.29211608,7.74147511,7.49870298
"BDI","Africa",2009,58.71584557,51.14686843,9.23238468,7.56897714
"BDI","Africa",2010,59.59915923,51.94288706,11.28196716,7.65627217
"BDI","Africa",2011,60.40539714,52.65954088,10.06996346,7.74585626
"BDI","Africa",2012,61.17471181,53.34471532,8.63756466,7.82999649
"BDI","Africa",2013,61.79608792,53.90851483,8.62834644,7.88757309
"BDI","Africa",2014,62.32268744,54.38874044,7.21081543,7.933947
"BDI","Africa",2015,62.7069542,54.73741688,6.29044485,7.96953732
"BDI","Africa",2016,63.24117705,55.21752537,7.06148243,8.02365168
"BDI","Africa",2017,63.68241574,55.61667743,6.95230389,8.06573831
"BDI","Africa",2018,64.02759286,55.93342516,7.29396152,8.0941677
"BDI","Africa",2019,64.3185906,56.2073357,9.05940628,8.11125489999999
"BDI","Africa",2020,64.59433751,56.39985355,10.70776176,8.19448396
"BDI","Africa",2021,64.00694993,55.84413911,8.94190311,8.16281082
"BEN","Africa",2000,57.42109531,49.88735099,2.9591713,7.53374432
"BEN","Africa",2001,57.74456271,50.17139988,3.30417323,7.57316282999999
"BEN","Africa",2002,58.09380517,50.46726855,3.09589195,7.62653662
"BEN","Africa",2003,58.45855402,50.76970584,3.11678505,7.68884818
"BEN","Africa",2004,58.86876901,51.10997355,3.23273873,7.75879546
"BEN","Africa",2005,59.21023989,51.39741342,3.22345805,7.81282647
"BEN","Africa",2006,59.54016851,51.6799532,3.28773856,7.86021531
"BEN","Africa",2007,59.82688455,51.93825345,2.93715644,7.8886311
"BEN","Africa",2008,60.45115465,52.47686128,2.65178108,7.97429337
"BEN","Africa",2009,60.99409615,52.95739145,2.89953876,8.03670469999999
"BEN","Africa",2010,61.3045144,53.23814209,3.01848245,8.06637231
"BEN","Africa",2011,61.56618181,53.49516066,2.99865556,8.07102115
"BEN","Africa",2012,61.81459199,53.75975901,3.07562971,8.05483297999999
"BEN","Africa",2013,62.11743236,54.06689104,2.86880755,8.05054132
"BEN","Africa",2014,62.37267295,54.32969398,2.69111967,8.04297897
"BEN","Africa",2015,62.62662,54.57888515,2.72813416,8.04773485
"BEN","Africa",2016,63.0021663,54.90478278,3.62042856,8.09738352
"BEN","Africa",2017,63.34863103,55.20317165,3.67389345,8.14545938
"BEN","Africa",2018,63.73859672,55.53355691,3.4364984,8.20503981
"BEN","Africa",2019,64.13827469,55.87127111,3.00206876,8.26700358
"BEN","Africa",2020,64.40363479,56.06610517,3.0512166,8.33752962
"BEN","Africa",2021,64.01268515,55.71581111,2.91589761,8.29687404
"BFA","Africa",2000,51.8877146,45.06333432,4.0211668,6.82438028
"BFA","Africa",2001,52.3617692,45.49888171,3.95983911,6.86288749
"BFA","Africa",2002,52.90685822,46.0257041,4.17985535,6.88115412
"BFA","Africa",2003,53.57987835,46.67102559,4.42266035,6.90885276
"BFA","Africa",2004,54.3424593,47.39050562,5.23083639,6.95195368
"BFA","Africa",2005,55.19811279,48.15813419,4.83784914,7.0399786
"BFA","Africa",2006,55.97968949,48.84929716,5.17043304,7.13039233
"BFA","Africa",2007,56.71279625,49.50020934,5.77535009,7.21258691
"BFA","Africa",2008,57.43072999,50.14130665,4.96721601,7.28942334000001
"BFA","Africa",2009,58.06655977,50.71668395,5.19683933,7.34987582
"BFA","Africa",2010,58.61217661,51.21841004,5.28967237,7.39376657
"BFA","Africa",2011,59.07175267,51.66966859,4.64868164,7.40208408
"BFA","Africa",2012,59.51806294,52.11796699,4.60267258,7.40009595
"BFA","Africa",2013,59.96461158,52.57291578,5.56331587,7.3916958
"BFA","Africa",2014,60.46448541,53.06243959,5.00027227,7.40204582
"BFA","Africa",2015,60.94298433,53.50154549,5.13192415,7.44143884
"BFA","Africa",2016,61.35518157,53.87467137,5.95284653,7.4805102
"BFA","Africa",2017,61.8809308,54.33611903,6.12075186,7.54481177
"BFA","Africa",2018,62.36096547,54.75006335,4.94427681,7.61090212
"BFA","Africa",2019,62.61228276,54.95706515,5.35001135,7.65521761
"BFA","Africa",2020,62.92621842,55.14517935,6.89469957,7.78103907
"BFA","Africa",2021,62.29728841,54.56242197,7.08691931,7.73486644
"BWA","Africa",2000,47.16383585,41.30771493,6.10838556,5.85612092
"BWA","Africa",2001,46.70431922,40.90554597,6.3660779,5.79877325
"BWA","Africa",2002,46.95490275,41.08654328,6.66529799,5.86835947
"BWA","Africa",2003,48.30164814,42.14691109,6.40933847,6.15473704999999
"BWA","Africa",2004,50.64076648,44.02557418,6.09125996,6.6151923
"BWA","Africa",2005,53.16798551,46.0953444,5.26532936,7.07264111
"BWA","Africa",2006,54.88555112,47.52523074,4.87599421,7.36032038
"BWA","Africa",2007,55.77024629,48.29148453,5.52080727,7.47876176
"BWA","Africa",2008,56.1793813,48.69864214,5.89747286,7.48073916000001
"BWA","Africa",2009,56.8865344,49.40318462,6.62081194,7.48334978
"BWA","Africa",2010,57.62665956,50.07797958,6.26718187,7.54867998
"BWA","Africa",2011,58.41247242,50.75329531,5.86915016,7.65917711
"BWA","Africa",2012,59.74879487,51.84741485,6.35010576,7.90138002
"BWA","Africa",2013,60.61242628,52.59608137,6.49913645,8.01634491
"BWA","Africa",2014,61.38291822,53.23328369,5.8804059,8.14963453
"BWA","Africa",2015,62.04575871,53.7795599,6.10287762,8.26619881
"BWA","Africa",2016,62.99012308,54.53986299,5.76837635,8.45026008999999
"BWA","Africa",2017,64.01180659,55.31929526,6.62986994,8.69251133000001
"BWA","Africa",2018,64.53046521,55.71951653,6.04010344,8.81094868
"BWA","Africa",2019,64.91884565,56.0523028,6.12193203,8.86654285
"BWA","Africa",2020,65.16840503,56.29608445,6.1213398,8.87232058
"BWA","Africa",2021,61.23119159,53.10367193,6.30315065,8.12751966
"CAF","Africa",2000,44.23425766,38.29820598,4.3808217,5.93605168
"CAF","Africa",2001,44.47178561,38.50021212,4.01043987,5.97157349
"CAF","Africa",2002,44.77185837,38.7568416,4.23633623,6.01501677
"CAF","Africa",2003,45.20505974,39.12704387,4.18572474,6.07801587
"CAF","Africa",2004,45.61618547,39.48166469,4.14367914,6.13452078
"CAF","Africa",2005,46.14092523,39.932623,4.22857571,6.20830223
"CAF","Africa",2006,46.69775624,40.43068228,4.31108665,6.26707396
"CAF","Africa",2007,47.39415912,41.07001601,4.6338892,6.32414310999999
"CAF","Africa",2008,48.29879732,41.8926082,4.02635765,6.40618912
"CAF","Africa",2009,48.86668457,42.4233346,4.68325615,6.44334997
"CAF","Africa",2010,49.20179696,42.74297006,3.56699872,6.4588269
"CAF","Africa",2011,49.46797321,42.99058628,3.67561865,6.47738693
"CAF","Africa",2012,49.82204247,43.30782343,3.91814446,6.51421904
"CAF","Africa",2013,49.31139043,42.89061683,4.76660204,6.4207736
"CAF","Africa",2014,49.17728884,42.78043036,4.56557369,6.39685848000001
"CAF","Africa",2015,50.96983096,44.28999955,5.03434181,6.67983141
"CAF","Africa",2016,51.50031283,44.74417257,5.44402313,6.75614026
"CAF","Africa",2017,51.26742466,44.56015338,6.66541576,6.70727128
"CAF","Africa",2018,52.13733768,45.29513257,10.99484062,6.84220511
"CAF","Africa",2019,52.93260744,45.97230527,7.76081514,6.96030217
"CAF","Africa",2020,53.07817181,45.98779435,8.98488045,7.09037746
"CAF","Africa",2021,52.30772755,45.43289279,9.15097523,6.87483476000001
"CIV","Africa",2000,51.16878476,44.52010724,3.61476922,6.64867752
"CIV","Africa",2001,51.50148868,44.81735508,3.59047151,6.6841336
"CIV","Africa",2002,51.80536737,45.09539083,3.54146051,6.70997654
"CIV","Africa",2003,52.20445217,45.4625147,3.95147705,6.74193747
"CIV","Africa",2004,52.80209302,46.00144318,4.02148724,6.80064984
"CIV","Africa",2005,53.84685304,46.90500498,3.96639085,6.94184806
"CIV","Africa",2006,54.91662177,47.83130414,3.92861462,7.08531763
"CIV","Africa",2007,55.73160801,48.55483244,4.19379663,7.17677557
"CIV","Africa",2008,56.57054792,49.30711251,4.1387105,7.26343541
"CIV","Africa",2009,57.18053039,49.8546678,4.63971424,7.32586259
"CIV","Africa",2010,57.33114203,50.00052511,4.57494831,7.33061692
"CIV","Africa",2011,57.55420401,50.20756319,4.39700699,7.34664082
"CIV","Africa",2012,58.54983117,51.08658384,4.4273715,7.46324733
"CIV","Africa",2013,59.30998362,51.75793248,3.71773791,7.55205114
"CIV","Africa",2014,60.06789432,52.4253171,3.7310183,7.64257722
"CIV","Africa",2015,60.9342411,53.17791962,3.2198832,7.75632148
"CIV","Africa",2016,61.62678525,53.77431966,3.32101274,7.85246558999999
"CIV","Africa",2017,62.27592918,54.34714887,3.24693036,7.92878031
"CIV","Africa",2018,62.90790762,54.90882776,3.0916779,7.99907986
"CIV","Africa",2019,63.48479652,55.42385947,3.18916845,8.06093705000001
"CIV","Africa",2020,63.31088991,55.2699279,3.62327886,8.04096201
"CIV","Africa",2021,63.5174083,55.40625311,3.76207662,8.11115519
"CMR","Africa",2000,52.95852821,46.13374164,4.29573393,6.82478657
"CMR","Africa",2001,52.89875064,46.09229165,4.16830397,6.80645899
"CMR","Africa",2002,52.90318218,46.11588107,4.02669907,6.78730111
"CMR","Africa",2003,53.05889292,46.26193963,3.90227985,6.79695329
"CMR","Africa",2004,53.56554781,46.69573801,3.72798991,6.8698098
"CMR","Africa",2005,54.1270059,47.17475809,3.77274442,6.95224781
"CMR","Africa",2006,54.52792524,47.53928028,3.73662829,6.98864496
"CMR","Africa",2007,55.00397444,47.99559206,3.79498792,7.00838238
"CMR","Africa",2008,55.69426406,48.63104318,3.65843678,7.06322088
"CMR","Africa",2009,56.2682285,49.1666294,3.49997187,7.1015991
"CMR","Africa",2010,56.78466995,49.63110251,3.57742167,7.15356744
"CMR","Africa",2011,57.25716759,50.05536433,3.85282946,7.20180326
"CMR","Africa",2012,57.77355305,50.52252987,3.9310236,7.25102318
"CMR","Africa",2013,58.1602222,50.88104682,3.63136435,7.27917538
"CMR","Africa",2014,58.43615921,51.14136192,4.34148788,7.29479729
"CMR","Africa",2015,58.9843954,51.62721778,4.12600517,7.35717762
"CMR","Africa",2016,59.79056297,52.32408036,4.02253723,7.46648261
"CMR","Africa",2017,60.64260038,53.05992481,3.79293942,7.58267557
"CMR","Africa",2018,61.3869156,53.69076909,3.61970162,7.69614651
"CMR","Africa",2019,62.02612874,54.24404511,3.65157914,7.78208363
"CMR","Africa",2020,62.18085382,54.36933648,4.25051928,7.81151734
"CMR","Africa",2021,61.76934896,54.00702693,4.34109783,7.76232203
"COD","Africa",2000,52.64392739,45.02578431,1.46594739,7.61814308
"COD","Africa",2001,52.99713016,45.33070602,2.62310982,7.66642414
"COD","Africa",2002,53.2535703,45.54354177,2.57012939,7.71002853
"COD","Africa",2003,53.6935484,45.9214964,3.73353338,7.772052
"COD","Africa",2004,54.34409074,46.46569696,4.33564186,7.87839378
"COD","Africa",2005,54.94182979,46.9727648,3.98558235,7.96906499
"COD","Africa",2006,55.48457469,47.47451056,4.06210661,8.01006413
"COD","Africa",2007,55.97784827,47.98274675,3.89384961,7.99510152000001
"COD","Africa",2008,56.32188866,48.39152761,4.31254816,7.93036105
"COD","Africa",2009,56.80885819,48.90379532,4.51133156,7.90506287
"COD","Africa",2010,57.39937072,49.46795992,3.72224283,7.9314108
"COD","Africa",2011,57.88760041,49.92491032,3.19435549,7.96269009
"COD","Africa",2012,58.3404554,50.3532154,3.2215035,7.98724
"COD","Africa",2013,58.89523659,50.86556212,3.34057522,8.02967447
"COD","Africa",2014,59.46084106,51.38323392,3.72520614,8.07760714
"COD","Africa",2015,59.96244072,51.83160494,3.74785447,8.13083578
"COD","Africa",2016,60.43572174,52.24641076,4.20027828,8.18931098
"COD","Africa",2017,60.84101636,52.60641325,4.00057793,8.23460311
"COD","Africa",2018,61.4317933,53.12780174,3.24127173,8.30399156
"COD","Africa",2019,61.83901232,53.50114488,3.508039,8.33786744
"COD","Africa",2020,62.03594732,53.55500061,3.97694445,8.48094671
"COD","Africa",2021,61.62552641,53.20515661,3.86727977,8.4203698
"COG","Africa",2000,52.21826617,45.52696437,1.50500846,6.6913018
"COG","Africa",2001,53.11126203,46.27908582,2.18529987,6.83217621
"COG","Africa",2002,53.80580675,46.8623953,1.70167828,6.94341145
"COG","Africa",2003,54.50087703,47.46811693,1.91852403,7.0327601
"COG","Africa",2004,55.40549068,48.24409164,1.92152369,7.16139904
"COG","Africa",2005,56.51057672,49.18553865,1.71774101,7.32503807
"COG","Africa",2006,57.53120192,50.05873128,1.70861316,7.47247064
"COG","Africa",2007,58.25955292,50.70708957,1.90200174,7.55246335
"COG","Africa",2008,59.22236239,51.55196817,2.2392714,7.67039422
"COG","Africa",2009,60.08941536,52.30076063,2.1422224,7.78865473
"COG","Africa",2010,60.60462815,52.75414355,1.85172856,7.8504846
"COG","Africa",2011,61.13100658,53.20388376,1.75237322,7.92712282
"COG","Africa",2012,61.21875153,53.29986936,1.90971065,7.91888217
"COG","Africa",2013,61.42791356,53.49832214,1.94347155,7.92959142
"COG","Africa",2014,61.64003199,53.70300796,1.97311735,7.93702403
"COG","Africa",2015,62.05475682,54.06948191,2.45668483,7.98527491
"COG","Africa",2016,62.56582962,54.50269678,2.59422994,8.06313284
"COG","Africa",2017,62.84312978,54.7403055,2.36476016,8.10282428
"COG","Africa",2018,63.05964242,54.92944056,1.75584984,8.13020186
"COG","Africa",2019,62.75844008,54.67023566,2.34771276,8.08820442
"COG","Africa",2020,63.35937843,55.06772265,4.01775074,8.29165578
"COG","Africa",2021,63.17262301,54.83573617,3.46133351,8.33688684
"COM","Africa",2000,62.03733666,54.290566,7.51525021,7.74677066
"COM","Africa",2001,62.70292188,54.85525497,6.6571784,7.84766691
"COM","Africa",2002,63.12089097,55.24746773,6.68594599,7.87342324
"COM","Africa",2003,63.63164331,55.7185698,6.66024828,7.91307351
"COM","Africa",2004,63.97536549,56.06463055,6.58576155,7.91073494
"COM","Africa",2005,64.27700657,56.3539361,6.13142872,7.92307047
"COM","Africa",2006,64.55149646,56.60652094,5.77341843,7.94497551999999
"COM","Africa",2007,64.77430676,56.84323852,5.41753864,7.93106824
"COM","Africa",2008,65.33611843,57.35278858,5.06897497,7.98332985
"COM","Africa",2009,65.01480079,57.12961891,4.92694378,7.88518188
"COM","Africa",2010,65.96560133,57.9236997,4.99181557,8.04190163
"COM","Africa",2011,65.80471815,57.81647363,5.3021183,7.98824452
"COM","Africa",2012,66.39715563,58.30750825,5.17354631,8.08964738
"COM","Africa",2013,66.72653391,58.5880246,5.10299301,8.13850931
"COM","Africa",2014,67.0710997,58.89284975,5.23849726,8.17824995
"COM","Africa",2015,67.42647275,59.1998525,4.60089922,8.22662025
"COM","Africa",2016,67.70212624,59.43349432,4.65263557,8.26863192
"COM","Africa",2017,67.83204139,59.5377667,5.26807451,8.29427469
"COM","Africa",2018,68.19621524,59.8425183,4.90318584,8.35369694
"COM","Africa",2019,68.10062174,59.75616485,5.18044472,8.34445689
"COM","Africa",2020,68.30703432,59.89825384,5.902421,8.40878048
"COM","Africa",2021,67.4970386,59.01938606,6.46315002,8.47765253999999
"CPV","Africa",2000,71.69763358,62.4373487,3.86025023,9.26028488
"CPV","Africa",2001,71.98653007,62.68508391,3.69652915,9.30144616
"CPV","Africa",2002,72.18506527,62.87019288,3.72489762,9.31487239
"CPV","Africa",2003,72.33302782,63.01322801,3.6274426,9.31979981
"CPV","Africa",2004,72.44024713,63.12124105,3.54616308,9.31900608
"CPV","Africa",2005,72.6194338,63.28246019,3.34086585,9.33697360999999
"CPV","Africa",2006,73.4096215,63.88252437,3.82406759,9.52709713
"CPV","Africa",2007,73.46976452,63.919721,3.84218621,9.55004352
"CPV","Africa",2008,73.93039416,64.29341904,3.26951575,9.63697512
"CPV","Africa",2009,73.98241137,64.3387437,3.55867004,9.64366767
"CPV","Africa",2010,74.23169531,64.54708586,4.08085394,9.68460945000001
"CPV","Africa",2011,74.33323277,64.66629242,3.92527819,9.66694034999999
"CPV","Africa",2012,74.4642814,64.80162264,4.6740551,9.66265876
"CPV","Africa",2013,74.70386595,65.01867343,4.82468271,9.68519251999999
"CPV","Africa",2014,74.86891105,65.18582594,4.85231543,9.68308510999999
"CPV","Africa",2015,74.82831017,65.18877183,4.40073681,9.63953834
"CPV","Africa",2016,74.86326568,65.25567881,4.36134005,9.60758686999999
"CPV","Africa",2017,74.91155361,65.31105383,4.48070955,9.60049977999999
"CPV","Africa",2018,73.8583216,64.59636052,4.78548193,9.26196107999999
"CPV","Africa",2019,74.05989707,64.75678835,4.82431316,9.30310872000001
"CPV","Africa",2020,73.66739044,64.27348663,7.03399324,9.39390381000001
"CPV","Africa",2021,73.16097765,63.76590577,6.60773611,9.39507188
"DZA","Africa",2000,72.46839135,62.93614021,3.21485448,9.53225114000001
"DZA","Africa",2001,72.77159448,63.19088429,3.53628588,9.58071019
"DZA","Africa",2002,73.0881827,63.44575658,3.44169641,9.64242612
"DZA","Africa",2003,73.27414327,63.60124015,3.32569361,9.67290311999999
"DZA","Africa",2004,73.76320427,63.99687333,3.29030514,9.76633094
"DZA","Africa",2005,74.07853584,64.25262515,3.1188612,9.82591069
"DZA","Africa",2006,74.34609406,64.46988727,3.18999887,9.87620679
"DZA","Africa",2007,74.59216684,64.66841717,3.62011433,9.92374967000001
"DZA","Africa",2008,74.83898594,64.86773633,3.98331022,9.97124961
"DZA","Africa",2009,75.06025654,65.04300886,4.89210796,10.01724768
"DZA","Africa",2010,75.28662824,65.22624493,4.64001417,10.06038331
"DZA","Africa",2011,75.4488721,65.35785983,4.82567501,10.09101227
"DZA","Africa",2012,75.63920415,65.50732171,5.63658524,10.13188244
"DZA","Africa",2013,75.79056138,65.62899419,5.64541769,10.16156719
"DZA","Africa",2014,75.93393131,65.74091003,6.01484108,10.19302128
"DZA","Africa",2015,76.06909233,65.83857445,6.33435678,10.23051788
"DZA","Africa",2016,76.27818922,65.98024783,6.00080872,10.29794139
"DZA","Africa",2017,76.40431934,66.05633785,5.9484539,10.34798149
"DZA","Africa",2018,76.4358357,66.06299421,5.9323926,10.37284149
"DZA","Africa",2019,76.54768313,66.1377459,5.41732121,10.40993723
"DZA","Africa",2020,74.02004217,64.14079841,5.63830757,9.87924375999999
"DZA","Africa",2021,75.97765182,65.54819194,5.02188873,10.42945988
"ERI","Africa",2000,54.93355711,47.68978394,5.76670074,7.24377317
"ERI","Africa",2001,56.20141934,48.79504003,5.91931677,7.40637931
"ERI","Africa",2002,56.7567552,49.29972989,6.68857431,7.45702531
"ERI","Africa",2003,57.22781288,49.73080107,7.33703375,7.49701181
"ERI","Africa",2004,57.68987112,50.15718617,7.00984907,7.53268495
"ERI","Africa",2005,58.13577563,50.56105252,6.8641758,7.57472311
"ERI","Africa",2006,58.75833395,51.10977151,6.85727453,7.64856244
"ERI","Africa",2007,59.29093298,51.58407401,5.2786293,7.70685897
"ERI","Africa",2008,59.61833756,51.89056038,6.57807541,7.72777718
"ERI","Africa",2009,60.06524888,52.2966904,5.42343187,7.76855848
"ERI","Africa",2010,60.44258181,52.64178906,4.81866503,7.80079275
"ERI","Africa",2011,60.90743675,53.05896516,5.1622901,7.84847159
"ERI","Africa",2012,61.35054403,53.45683915,3.74245787,7.89370488
"ERI","Africa",2013,61.71601531,53.79847087,4.96813059,7.91754444
"ERI","Africa",2014,62.18741649,54.22186646,3.91432381,7.96555003
"ERI","Africa",2015,62.5177156,54.52994584,4.50776815,7.98776976
"ERI","Africa",2016,62.87736669,54.858112,3.73838949,8.01925469
"ERI","Africa",2017,63.17091217,55.13025063,4.15359449,8.04066154
"ERI","Africa",2018,63.47224104,55.40494656,4.24748898,8.06729448
"ERI","Africa",2019,63.76432633,55.67193443,4.64806461,8.0923919
"ERI","Africa",2020,63.82002522,55.74637083,4.31117725,8.07365439
"ERI","Africa",2021,63.57308435,55.42494437,4.17839003,8.14813998
"ETH","Africa",2000,50.78760514,44.45066735,4.36504698,6.33693778999999
"ETH","Africa",2001,52.82154779,46.1894396,4.72316694,6.63210819
"ETH","Africa",2002,53.81305038,47.055111,4.7126298,6.75793938
"ETH","Africa",2003,54.78484585,47.90861965,4.89970922,6.8762262
"ETH","Africa",2004,55.83373985,48.82522297,4.31281853,7.00851688
"ETH","Africa",2005,57.02975496,49.85203318,4.10098124,7.17772178
"ETH","Africa",2006,58.32029564,50.94521293,4.45757294,7.37508271
"ETH","Africa",2007,59.72840645,52.13357573,5.00128317,7.59483072
"ETH","Africa",2008,61.00289968,53.21298186,4.28063869,7.78991782
"ETH","Africa",2009,62.16370614,54.19407422,4.6496563,7.96963192
"ETH","Africa",2010,63.25475143,55.11563724,5.46637249,8.13911419
"ETH","Africa",2011,64.25857509,55.96727913,4.46897745,8.29129595999999
"ETH","Africa",2012,65.13407348,56.71607505,4.5395956,8.41799843
"ETH","Africa",2013,65.91159894,57.38920813,4.07506514,8.52239081
"ETH","Africa",2014,66.55987824,57.96437944,4.03365517,8.5954988
"ETH","Africa",2015,67.10395358,58.44375312,3.82316828,8.66020046
"ETH","Africa",2016,67.58767511,58.85858138,3.60033751,8.72909373000001
"ETH","Africa",2017,68.0726745,59.27151327,3.45336914,8.80116123
"ETH","Africa",2018,68.47192846,59.60970909,3.30371761,8.86221937
"ETH","Africa",2019,68.84848169,59.93190324,3.24287128,8.91657845
"ETH","Africa",2020,68.79596101,59.8004592,3.48096275,8.99550181
"ETH","Africa",2021,67.83909086,58.82731284,3.20779967,9.01177802
"GAB","Africa",2000,57.68875146,50.03520692,2.90471101,7.65354454
"GAB","Africa",2001,57.70877986,50.05978123,3.15198207,7.64899863
"GAB","Africa",2002,58.05614161,50.35740864,3.32970691,7.69873297
"GAB","Africa",2003,58.21558345,50.5218173,3.53648472,7.69376615
"GAB","Africa",2004,58.70865642,50.95243073,3.36498594,7.75622568999999
"GAB","Africa",2005,59.68914077,51.76211167,2.92175174,7.9270291
"GAB","Africa",2006,60.2987489,52.26632837,3.14623928,8.03242053
"GAB","Africa",2007,60.67060002,52.58120515,3.0834198,8.08939487
"GAB","Africa",2008,60.80435396,52.71486788,2.84760666,8.08948608
"GAB","Africa",2009,61.22876669,53.08332685,3.78076673,8.14543984
"GAB","Africa",2010,61.73354089,53.50988277,2.47556901,8.22365812
"GAB","Africa",2011,62.08769123,53.82261588,2.55771565,8.26507535
"GAB","Africa",2012,62.66758728,54.33531818,2.42097569,8.3322691
"GAB","Africa",2013,63.25439162,54.86953037,2.84087205,8.38486125
"GAB","Africa",2014,63.76784225,55.32160814,2.53282261,8.44623411
"GAB","Africa",2015,64.00078432,55.53612167,2.65743947,8.46466264999999
"GAB","Africa",2016,64.25526743,55.75626379,3.1076982,8.49900364
"GAB","Africa",2017,64.52552888,55.9875916,2.78068876,8.53793727999999
"GAB","Africa",2018,64.70364722,56.13898862,2.75235105,8.56465859999999
"GAB","Africa",2019,64.97251699,56.3775425,2.76837039,8.59497449
"GAB","Africa",2020,65.12601321,56.3954408,3.4401269,8.73057240999999
"GAB","Africa",2021,65.09380891,56.25886929,2.79254127,8.83493962000001
"GHA","Africa",2000,59.08500401,51.72943417,1.66343236,7.35556984
"GHA","Africa",2001,59.15248936,51.8176396,1.86866331,7.33484976
"GHA","Africa",2002,59.31647181,51.99031779,1.94694591,7.32615402
"GHA","Africa",2003,59.53762932,52.20623798,2.14935279,7.33139134
"GHA","Africa",2004,59.79633543,52.44721567,2.36955285,7.34911976
"GHA","Africa",2005,60.06629663,52.69056198,3.27344108,7.37573465
"GHA","Africa",2006,60.34619824,52.93891463,3.67208791,7.40728361
"GHA","Africa",2007,60.66755486,53.22327296,3.70900321,7.4442819
"GHA","Africa",2008,61.08557755,53.58221679,3.72533512,7.50336076
"GHA","Africa",2009,61.52802106,53.96326899,4.17717743,7.56475207
"GHA","Africa",2010,61.9748058,54.35225484,4.52302933,7.62255096
"GHA","Africa",2011,62.58287212,54.88318904,4.46374655,7.69968308
"GHA","Africa",2012,63.16293767,55.40156191,3.93023658,7.76137576
"GHA","Africa",2013,63.58672686,55.80164977,4.59225416,7.78507709
"GHA","Africa",2014,63.96496972,56.16283408,4.01644135,7.80213564
"GHA","Africa",2015,64.33720534,56.50723703,4.54299259,7.82996831
"GHA","Africa",2016,64.70727537,56.84244586,3.39035821,7.86482951000001
"GHA","Africa",2017,65.08594377,57.17991839,2.68786979,7.90602538
"GHA","Africa",2018,65.51554359,57.55482269,2.43001175,7.96072089999999
"GHA","Africa",2019,65.97133363,57.94305064,3.25450468,8.02828299
"GHA","Africa",2020,66.18136667,58.02110423,4.4331708,8.16026244
"GHA","Africa",2021,66.10178519,57.88251828,3.86030865,8.21926691
"GIN","Africa",2000,54.19541328,47.42821714,4.74101353,6.76719614
"GIN","Africa",2001,54.67176541,47.84631814,4.88433027,6.82544727
"GIN","Africa",2002,55.1808226,48.29955741,5.35653734,6.88126519
"GIN","Africa",2003,55.63757789,48.70034045,4.77216482,6.93723744
"GIN","Africa",2004,56.03427492,49.04867915,4.77632809,6.98559577
"GIN","Africa",2005,56.45301837,49.4079211,4.03452682,7.04509727
"GIN","Africa",2006,56.85533921,49.75467343,3.61526895,7.10066578
"GIN","Africa",2007,57.16190125,50.02509764,3.48262477,7.13680361
"GIN","Africa",2008,57.53628959,50.35071657,3.26561713,7.18557302
"GIN","Africa",2009,57.8555884,50.62593258,3.58146644,7.22965582
"GIN","Africa",2010,58.26432378,50.97591393,3.42781734,7.28840985
"GIN","Africa",2011,58.59208329,51.26526446,3.78955102,7.32681883
"GIN","Africa",2012,58.88851718,51.53863423,3.50398517,7.34988295
"GIN","Africa",2013,59.12749175,51.76731777,3.46108651,7.36017398
"GIN","Africa",2014,58.60749611,51.37812378,4.787992,7.22937233
"GIN","Africa",2015,59.19807943,51.88289177,5.80919266,7.31518766
"GIN","Africa",2016,59.83918056,52.4211578,5.39694929,7.41802276
"GIN","Africa",2017,60.25359445,52.76736394,3.91512728,7.48623051
"GIN","Africa",2018,60.65900972,53.11118178,3.73843002,7.54782794
"GIN","Africa",2019,61.12869188,53.50947382,4.08876228,7.61921806
"GIN","Africa",2020,61.15586466,53.43718875,3.90094519,7.71867591
"GIN","Africa",2021,61.26251027,53.42625796,3.7175858,7.83625231
"GMB","Africa",2000,59.15410966,51.51229641,10.78532791,7.64181325
"GMB","Africa",2001,59.40248243,51.72922961,8.29925728,7.67325282
"GMB","Africa",2002,59.58972076,51.90411385,6.2326026,7.68560691
"GMB","Africa",2003,59.85443013,52.14878102,5.29709053,7.70564911
"GMB","Africa",2004,60.16114704,52.4314769,5.42000151,7.72967014
"GMB","Africa",2005,60.52311247,52.74876604,5.386024,7.77434643
"GMB","Africa",2006,60.88522742,53.06362912,5.43720818,7.8215983
"GMB","Africa",2007,61.11617054,53.27172053,4.95501947,7.84445001
"GMB","Africa",2008,61.50169712,53.60345252,4.65938759,7.8982446
"GMB","Africa",2009,61.85818495,53.91098654,4.46430635,7.94719841
"GMB","Africa",2010,62.35679034,54.33118476,4.11944056,8.02560558
"GMB","Africa",2011,62.84614338,54.74405694,4.36967373,8.10208644
"GMB","Africa",2012,63.20846898,55.06823032,4.26872253,8.14023866
"GMB","Africa",2013,63.42180565,55.2794054,3.91374874,8.14240025
"GMB","Africa",2014,63.57797414,55.44630633,3.05234575,8.13166781
"GMB","Africa",2015,63.79523685,55.63729305,3.1761291,8.1579438
"GMB","Africa",2016,64.05468717,55.87104033,3.19523716,8.18364684
"GMB","Africa",2017,64.31746247,56.10230417,3.35449266,8.2151583
"GMB","Africa",2018,64.60661374,56.34316843,3.18501234,8.26344531
"GMB","Africa",2019,64.91162984,56.60245236,3.14534926,8.30917748
"GMB","Africa",2020,64.7871582,56.38126429,4.01436949,8.40589391
"GMB","Africa",2021,64.21396887,55.84254371,3.74321485,8.37142516
"GNB","Africa",2000,50.19859342,43.9454354,4.18953228,6.25315802
"GNB","Africa",2001,50.63672662,44.3461207,4.12891531,6.29060592
"GNB","Africa",2002,51.04081513,44.74917104,3.87280011,6.29164409
"GNB","Africa",2003,51.43513822,45.15183575,3.50201416,6.28330247
"GNB","Africa",2004,51.76786398,45.50201637,4.27070189,6.26584761
"GNB","Africa",2005,52.21818539,45.91327364,4.53462505,6.30491175
"GNB","Africa",2006,52.75265393,46.37357523,5.07826185,6.3790787
"GNB","Africa",2007,53.47365795,46.99556584,4.92573404,6.47809211000001
"GNB","Africa",2008,54.20231863,47.61975578,5.35239792,6.58256285
"GNB","Africa",2009,54.71780339,48.0644462,4.61063194,6.65335719
"GNB","Africa",2010,55.34491742,48.59483215,4.87133694,6.75008527
"GNB","Africa",2011,55.96327117,49.11595272,6.21634817,6.84731845
"GNB","Africa",2012,56.47290302,49.55315062,5.94134808,6.9197524
"GNB","Africa",2013,56.92169618,49.93657,7.03943443,6.98512618
"GNB","Africa",2014,57.18296664,50.16630174,9.96897411,7.0166649
"GNB","Africa",2015,57.5801364,50.50985495,8.13228226,7.07028145
"GNB","Africa",2016,58.02773484,50.90690199,8.32881451,7.12083285
"GNB","Africa",2017,58.3521892,51.21774,7.00049543,7.1344492
"GNB","Africa",2018,58.6003654,51.46903106,7.28164959,7.13133434
"GNB","Africa",2019,58.97631495,51.80932556,7.14602089,7.16698939
"GNB","Africa",2020,58.37604595,51.21711265,8.98898792,7.1589333
"GNB","Africa",2021,58.62801846,51.45036507,8.39794922,7.17765339
"GNQ","Africa",2000,54.03083545,46.59602706,1.22260201,7.43480839
"GNQ","Africa",2001,54.84349385,47.28122224,1.32559299,7.56227161
"GNQ","Africa",2002,55.47366319,47.82506775,2.88730073,7.64859544
"GNQ","Africa",2003,55.73628907,48.09279218,1.97185338,7.64349689
"GNQ","Africa",2004,56.18357801,48.5043656,1.58463597,7.67921241
"GNQ","Africa",2005,56.77339509,49.02238331,1.42048728,7.75101178
"GNQ","Africa",2006,57.74387549,49.86263481,1.41217864,7.88124068
"GNQ","Africa",2007,58.62674902,50.66376684,1.42080677,7.96298218
"GNQ","Africa",2008,59.26655739,51.28094451,1.23333216,7.98561288
"GNQ","Africa",2009,59.83637977,51.82472199,1.87389886,8.01165778
"GNQ","Africa",2010,60.00998447,52.01052666,1.73363662,7.99945781
"GNQ","Africa",2011,59.83129965,51.86128637,1.54309607,7.97001328
"GNQ","Africa",2012,60.11028327,52.08502327,1.62290311,8.02526
"GNQ","Africa",2013,60.96850359,52.78910654,1.75622749,8.17939705
"GNQ","Africa",2014,61.53172347,53.23899726,1.868559,8.29272621
"GNQ","Africa",2015,61.12739135,52.91043313,2.45693421,8.21695822
"GNQ","Africa",2016,60.85942801,52.70724379,2.97177482,8.15218422
"GNQ","Africa",2017,61.20572328,53.01223209,2.86121631,8.19349119
"GNQ","Africa",2018,61.42093734,53.18111285,2.92214823,8.23982449
"GNQ","Africa",2019,61.38714512,53.1671455,3.27948833,8.21999962
"GNQ","Africa",2020,61.15866176,52.848737,3.70560718,8.30992476
"GNQ","Africa",2021,61.60542301,53.25633064,3.5103004,8.34909237
"KEN","Africa",2000,54.09203911,47.15358429,3.62451434,6.93845482
"KEN","Africa",2001,54.33283599,47.38390911,3.74002314,6.94892688
"KEN","Africa",2002,54.58698847,47.64864798,3.82159472,6.93834049
"KEN","Africa",2003,54.91168271,47.98278024,4.03365707,6.92890247
"KEN","Africa",2004,55.51027953,48.54208284,4.21159506,6.96819669
"KEN","Africa",2005,56.3951405,49.32927635,4.2174139,7.06586415
"KEN","Africa",2006,57.46429328,50.27492093,5.0134387,7.18937235
"KEN","Africa",2007,58.55063756,51.24855397,5.12358475,7.30208359
"KEN","Africa",2008,59.48455643,52.10018477,5.19050598,7.38437166
"KEN","Africa",2009,60.49062126,53.01941033,5.29172945,7.47121093
"KEN","Africa",2010,61.28276083,53.72252087,5.38849831,7.56023996
"KEN","Africa",2011,61.98126671,54.34378906,5.20212841,7.63747765
"KEN","Africa",2012,62.61585724,54.90716869,5.0180583,7.70868855
"KEN","Africa",2013,63.11575218,55.35962981,4.93100405,7.75612237
"KEN","Africa",2014,63.63694431,55.82214574,4.91267347,7.81479856999999
"KEN","Africa",2015,64.29968929,56.40525297,4.76439571,7.89443632
"KEN","Africa",2016,65.03249549,57.02578551,4.75429106,8.00670998
"KEN","Africa",2017,65.61126491,57.50908474,3.98597503,8.10218017
"KEN","Africa",2018,66.06922549,57.88585027,4.09903383,8.18337522
"KEN","Africa",2019,66.50141922,58.24660368,4.36874676,8.25481554
"KEN","Africa",2020,66.79345007,58.37011157,4.49248886,8.42333850000001
"KEN","Africa",2021,66.76221995,58.21708276,4.56992722,8.54513719
"LBR","Africa",2000,53.27371266,45.10850092,2.69215393,8.16521174
"LBR","Africa",2001,53.93145331,45.65849125,2.15581036,8.27296206
"LBR","Africa",2002,53.66640831,45.44915434,2.16462922,8.21725397
"LBR","Africa",2003,53.6245833,45.41919637,2.51847482,8.20538693
"LBR","Africa",2004,56.44158136,47.77100314,5.90509653,8.67057822
"LBR","Africa",2005,57.55945739,48.72920612,6.69497347,8.83025127
"LBR","Africa",2006,58.56299111,49.60220247,5.77426577,8.96078864
"LBR","Africa",2007,59.31134066,50.28395445,4.32884932,9.02738621
"LBR","Africa",2008,59.75630294,50.72862379,5.99615717,9.02767915
"LBR","Africa",2009,60.0506239,51.05373864,8.98514843,8.99688526
"LBR","Africa",2010,60.3582726,51.3609839,8.43860245,8.9972887
"LBR","Africa",2011,60.73430361,51.70360633,8.58399582,9.03069728
"LBR","Africa",2012,61.08289847,52.01646646,7.62987185,9.06643201000001
"LBR","Africa",2013,61.38474407,52.28915985,7.15610409,9.09558422000001
"LBR","Africa",2014,58.11259758,49.73694986,8.09817886,8.37564772
"LBR","Africa",2015,60.37754989,51.55454487,10.38244438,8.82300502
"LBR","Africa",2016,62.21305435,53.00955471,9.88514519,9.20349964
"LBR","Africa",2017,62.62958569,53.32797123,9.91087437,9.30161446
"LBR","Africa",2018,63.09159913,53.68882379,10.43527889,9.40277534
"LBR","Africa",2019,63.44171284,53.98511935,8.38325977,9.45659349
"LBR","Africa",2020,63.45657848,53.93808781,12.90504265,9.51849067
"LBR","Africa",2021,63.45730846,53.96099924,13.27175999,9.49630922
"LSO","Africa",2000,47.38127672,41.81535452,5.15633392,5.5659222
"LSO","Africa",2001,47.97132353,42.23330628,6.59075689,5.73801725
"LSO","Africa",2002,47.82881329,41.99673073,5.8607502,5.83208256
"LSO","Africa",2003,45.64538324,40.11569095,5.33754826,5.52969229
"LSO","Africa",2004,43.80676222,38.571497,5.24658537,5.23526522
"LSO","Africa",2005,42.6642992,37.61777794,4.67452669,5.04652126
"LSO","Africa",2006,42.3928282,37.38275235,5.40532398,5.01007585
"LSO","Africa",2007,43.88764108,38.62072621,7.22251844,5.26691487
"LSO","Africa",2008,45.90439498,40.25750374,7.66648197,5.64689124
"LSO","Africa",2009,47.42048599,41.46836374,8.9529829,5.95212225
"LSO","Africa",2010,48.56510587,42.42217813,7.4048481,6.14292774
"LSO","Africa",2011,49.10182257,42.83370993,8.99487114,6.26811264
"LSO","Africa",2012,49.02029182,42.73575573,9.98601341,6.28453609
"LSO","Africa",2013,48.96059544,42.66832079,10.97986031,6.29227465
"LSO","Africa",2014,48.68389714,42.44178604,9.98823929,6.2421111
"LSO","Africa",2015,48.83813559,42.56373219,9.25280476,6.2744034
"LSO","Africa",2016,49.94866988,43.51674295,9.19744301,6.43192693
"LSO","Africa",2017,51.05416565,44.45299076,10.52956581,6.60117489
"LSO","Africa",2018,51.60129602,44.87803314,11.12637329,6.72326288
"LSO","Africa",2019,51.77851899,45.04266302,21.92373085,6.73585597
"LSO","Africa",2020,51.85352687,45.08762018,10.40836906,6.76590669
"LSO","Africa",2021,51.47907482,44.63433272,10.66165733,6.8447421
"MDG","Africa",2000,58.73234782,51.33477994,3.99177623,7.39756788
"MDG","Africa",2001,59.24814899,51.78985757,4.11513853,7.45829142
"MDG","Africa",2002,59.4274793,51.98508231,4.92866945,7.44239699
"MDG","Africa",2003,59.72543671,52.27563039,5.00276566,7.44980631999999
"MDG","Africa",2004,60.11149963,52.62929734,5.25090027,7.48220229
"MDG","Africa",2005,60.67184175,53.11845451,5.21557808,7.55338724
"MDG","Africa",2006,61.19063264,53.58812549,5.07203865,7.60250714999999
"MDG","Africa",2007,61.67182144,54.0516345,4.60865784,7.62018694
"MDG","Africa",2008,62.01528236,54.41648326,4.08111811,7.5987991
"MDG","Africa",2009,62.2488395,54.68421024,4.38469839,7.56462926
"MDG","Africa",2010,62.52359433,54.96138061,4.69762659,7.56221372
"MDG","Africa",2011,62.75965875,55.19191971,4.521595,7.56773904
"MDG","Africa",2012,62.96002316,55.38585999,3.91105914,7.57416317
"MDG","Africa",2013,63.11657152,55.54405972,3.75156307,7.5725118
"MDG","Africa",2014,63.22596923,55.66025733,4.46240282,7.5657119
"MDG","Africa",2015,63.35879155,55.78696086,5.0062542,7.57183069
"MDG","Africa",2016,63.46510267,55.87925195,5.33248854,7.58585072
"MDG","Africa",2017,63.57935928,55.97143065,4.80225945,7.60792863
"MDG","Africa",2018,63.71423448,56.07886515,4.22160387,7.63536933
"MDG","Africa",2019,63.81664617,56.15947792,3.10129309,7.65716825
"MDG","Africa",2020,63.07628383,55.44883229,3.72316122,7.62745154
"MDG","Africa",2021,62.9342555,55.13701841,3.55335546,7.79723709
"MLI","Africa",2000,53.05862872,46.06432983,5.4663372,6.99429889
"MLI","Africa",2001,53.62181973,46.54001137,4.51952076,7.08180836
"MLI","Africa",2002,54.16297861,46.99599108,4.99775982,7.16698753
"MLI","Africa",2003,54.85059982,47.56831262,5.05061436,7.2822872
"MLI","Africa",2004,55.6927022,48.2783516,5.21768713,7.4143506
"MLI","Africa",2005,56.25739607,48.75973562,5.19517279,7.49766045
"MLI","Africa",2006,56.77509358,49.22795004,5.4559021,7.54714353999999
"MLI","Africa",2007,57.34348988,49.76898107,5.2530427,7.57450881
"MLI","Africa",2008,57.78455925,50.21739878,5.02688074,7.56716047
"MLI","Africa",2009,58.27710615,50.70002629,5.21225691,7.57707986
"MLI","Africa",2010,58.64806217,51.06296483,4.67867136,7.58509734
"MLI","Africa",2011,59.04750126,51.43213462,4.01485014,7.61536664
"MLI","Africa",2012,59.27099434,51.65389321,3.7521801,7.61710113
"MLI","Africa",2013,59.37937448,51.77768925,3.96408582,7.60168523
"MLI","Africa",2014,59.77561439,52.1384186,4.48158312,7.63719579
"MLI","Africa",2015,60.12125985,52.44204707,4.11143351,7.67921278
"MLI","Africa",2016,60.63666584,52.86428637,3.77377558,7.77237947
"MLI","Africa",2017,61.01919215,53.16340865,3.67425752,7.8557835
"MLI","Africa",2018,61.31661022,53.39090323,3.73251104,7.92570699
"MLI","Africa",2019,61.83290988,53.81374513,3.82943797,8.01916475
"MLI","Africa",2020,61.46815324,53.45345314,3.50623369,8.0147001
"MLI","Africa",2021,61.67398609,53.55714781,3.54318666,8.11683828
"MOZ","Africa",2000,50.95314578,43.55265841,2.14253044,7.40048737
"MOZ","Africa",2001,51.31528926,43.88601336,2.80098224,7.4292759
"MOZ","Africa",2002,51.47014119,44.11376202,3.18652654,7.35637917
"MOZ","Africa",2003,51.67123667,44.39565026,3.25095367,7.27558641
"MOZ","Africa",2004,51.81518653,44.62257761,3.53062654,7.19260892
"MOZ","Africa",2005,51.92845833,44.78191644,4.21435642,7.14654189
"MOZ","Africa",2006,52.16412753,45.01521326,3.94559026,7.14891427
"MOZ","Africa",2007,52.58518387,45.42141582,3.79955554,7.16376805
"MOZ","Africa",2008,53.06339796,45.8779934,4.13496828,7.18540456
"MOZ","Africa",2009,53.32648003,46.15101729,5.05562353,7.17546274
"MOZ","Africa",2010,53.33150279,46.18972262,5.29249668,7.14178017
"MOZ","Africa",2011,53.5270243,46.38167076,4.9217639,7.14535354
"MOZ","Africa",2012,53.74174488,46.59120691,5.14035702,7.15053797
"MOZ","Africa",2013,54.24267779,47.04772069,6.04556036,7.1949571
"MOZ","Africa",2014,55.02757929,47.73764955,6.24013042,7.28992974
"MOZ","Africa",2015,55.85530982,48.44590187,6.60972881,7.40940795
"MOZ","Africa",2016,56.63490108,49.10156339,7.21501875,7.53333769
"MOZ","Africa",2017,57.33253714,49.67924979,7.80532169,7.65328735
"MOZ","Africa",2018,57.94330191,50.17913701,7.97903347,7.7641649
"MOZ","Africa",2019,58.50505639,50.6474368,7.90207434,7.85761959
"MOZ","Africa",2020,58.6314583,50.74977703,7.55190039,7.88168127
"MOZ","Africa",2021,57.66202708,49.71591103,8.64841366,7.94611605
"MRT","Africa",2000,62.9207429,55.21494117,3.37824655,7.70580173
"MRT","Africa",2001,63.48748709,55.70190453,3.5718379,7.78558256
"MRT","Africa",2002,64.15779119,56.26671879,4.00224972,7.8910724
"MRT","Africa",2003,64.83743491,56.82851431,4.03254652,8.0089206
"MRT","Africa",2004,65.40083987,57.31483743,3.70429492,8.08600244
"MRT","Africa",2005,65.90883345,57.75134087,3.40312648,8.15749258
"MRT","Africa",2006,66.62015995,58.36148053,2.70252752,8.25867942
"MRT","Africa",2007,67.11455039,58.7943182,2.87644005,8.32023219000001
"MRT","Africa",2008,67.64336926,59.26220605,3.01338983,8.38116321
"MRT","Africa",2009,68.08446898,59.67525648,3.11034036,8.4092125
"MRT","Africa",2010,68.45329118,60.01546778,2.63618922,8.43782339999999
"MRT","Africa",2011,68.79857098,60.33128531,2.47383666,8.46728567
"MRT","Africa",2012,69.09222123,60.60371333,2.64919329,8.48850790000001
"MRT","Africa",2013,69.22463674,60.73336068,2.86799884,8.49127606
"MRT","Africa",2014,69.29386756,60.80891155,3.46724391,8.48495601
"MRT","Africa",2015,69.45426817,60.96323209,3.67363763,8.49103608000001
"MRT","Africa",2016,69.65770027,61.14191213,3.18699503,8.51578814
"MRT","Africa",2017,69.81185094,61.27797086,3.41947556,8.53388008
"MRT","Africa",2018,69.9973737,61.43435153,2.88362551,8.56302217
"MRT","Africa",2019,70.17546548,61.59490029,3.09176588,8.58056519
"MRT","Africa",2020,68.92697523,60.55111844,3.00147843,8.37585678999999
"MRT","Africa",2021,68.86843813,60.39312204,3.78022528,8.47531609
"MUS","Africa",2000,71.13541086,62.18557796,2.85734653,8.94983289999999
"MUS","Africa",2001,71.43968836,62.40761396,2.92151856,9.03207440000001
"MUS","Africa",2002,71.67923755,62.56922125,3.18897271,9.1100163
"MUS","Africa",2003,71.8438719,62.66629806,3.18201613,9.17757383999999
"MUS","Africa",2004,71.98706152,62.75272128,3.31652546,9.23434024
"MUS","Africa",2005,72.14096947,62.85224357,3.51794028,9.2887259
"MUS","Africa",2006,72.37604294,63.02070783,3.60573649,9.35533511000001
"MUS","Africa",2007,72.6045072,63.19786572,3.52321672,9.40664148
"MUS","Africa",2008,72.86571029,63.40031108,3.93896508,9.46539920999999
"MUS","Africa",2009,73.10056755,63.58296044,4.17035627,9.51760710999999
"MUS","Africa",2010,73.34550791,63.76245891,4.51898289,9.583049
"MUS","Africa",2011,73.5157206,63.88767844,4.25059652,9.62804215999999
"MUS","Africa",2012,73.69029649,64.007356,4.21993399,9.68294048999999
"MUS","Africa",2013,73.803364,64.08928273,4.620821,9.71408127000001
"MUS","Africa",2014,74.00992363,64.24093616,5.38024664,9.76898747
"MUS","Africa",2015,74.12593279,64.31887432,5.55042362,9.80705846999999
"MUS","Africa",2016,74.15809377,64.33615853,5.54289532,9.82193523999999
"MUS","Africa",2017,74.11525101,64.3064287,5.59857273,9.80882231
"MUS","Africa",2018,74.02503816,64.23751358,5.60310221,9.78752458
"MUS","Africa",2019,74.05607067,64.24799842,5.69508171,9.80807225
"MUS","Africa",2020,73.56975445,63.80634809,6.09606028,9.76340636
"MUS","Africa",2021,73.41967032,63.63169692,6.6160841,9.78797339999999
"MWI","Africa",2000,44.64126346,39.00917863,2.35247517,5.63208483
"MWI","Africa",2001,45.39400815,39.71436896,2.06040049,5.67963919
"MWI","Africa",2002,46.23607096,40.53004062,2.69725966,5.70603034
"MWI","Africa",2003,47.14250921,41.41332899,3.32019806,5.72918022
"MWI","Africa",2004,48.06087588,42.29888959,4.07199907,5.76198629
"MWI","Africa",2005,49.35021214,43.44472443,4.30046511,5.90548771
"MWI","Africa",2006,50.92538724,44.79271392,4.91223288,6.13267332
"MWI","Africa",2007,52.54577058,46.1668238,5.44258356,6.37894678
"MWI","Africa",2008,54.26093144,47.6540117,6.10668802,6.60691974
"MWI","Africa",2009,55.72789905,48.94155561,5.87333822,6.78634344
"MWI","Africa",2010,56.87054565,49.93269813,5.14304781,6.93784752
"MWI","Africa",2011,58.10856356,50.98246482,5.32226658,7.12609874
"MWI","Africa",2012,59.42059707,52.12809136,6.02199793,7.29250571
"MWI","Africa",2013,60.5549131,53.13317476,8.22379494,7.42173834
"MWI","Africa",2014,61.34710538,53.82379992,6.89776182,7.52330546
"MWI","Africa",2015,61.82512095,54.25269993,6.62879086,7.57242102
"MWI","Africa",2016,62.19781015,54.59109049,7.72703791,7.60671966
"MWI","Africa",2017,62.5519407,54.91824669,7.58438921,7.63369401000001
"MWI","Africa",2018,62.91863389,55.25522977,6.88249922,7.66340412
"MWI","Africa",2019,63.22930485,55.53671304,6.37021732,7.69259181
"MWI","Africa",2020,63.46287777,55.70998006,7.03859568,7.75289771
"MWI","Africa",2021,62.48652597,54.6681734,7.5164628,7.81835257
"NAM","Africa",2000,53.02475546,46.7211181,10.04545307,6.30363736
"NAM","Africa",2001,52.37399446,46.19284278,10.46567631,6.18115168
"NAM","Africa",2002,51.74325949,45.68470524,10.47871208,6.05855425
"NAM","Africa",2003,51.39447349,45.40205936,10.74474621,5.99241413
"NAM","Africa",2004,51.6479279,45.61107754,10.88543797,6.03685036
"NAM","Africa",2005,52.83409474,46.58906514,10.82506466,6.2450296
"NAM","Africa",2006,54.69956495,48.10927448,11.30290031,6.59029047
"NAM","Africa",2007,56.83641554,49.87612186,11.41372871,6.96029368
"NAM","Africa",2008,58.62203403,51.37658358,10.67726994,7.24545045
"NAM","Africa",2009,59.50436576,52.119341,9.90435314,7.38502476
"NAM","Africa",2010,60.12459181,52.65613981,10.62278938,7.468452
"NAM","Africa",2011,60.88311335,53.2875184,10.86068344,7.59559495
"NAM","Africa",2012,61.49462249,53.79066338,10.20360184,7.70395911
"NAM","Africa",2013,61.87769769,54.11986106,10.08887577,7.75783663
"NAM","Africa",2014,61.94948428,54.17865672,8.4089098,7.77082756
"NAM","Africa",2015,61.8615054,54.12156744,9.98106289,7.73993796
"NAM","Africa",2016,62.05755741,54.29661419,9.32231045,7.76094322
"NAM","Africa",2017,62.37183813,54.57006707,8.71348476,7.80177106
"NAM","Africa",2018,62.82854728,54.96511906,8.62148285,7.86342822
"NAM","Africa",2019,63.49265302,55.53160284,8.85805798,7.96105018
"NAM","Africa",2020,63.75209779,55.71828677,9.56060219,8.03381102
"NAM","Africa",2021,60.35994599,52.82296302,10.19644737,7.53698297
"NER","Africa",2000,50.24298341,43.86224259,4.65891504,6.38074082
"NER","Africa",2001,50.89945855,44.4489964,4.72659349,6.45046215
"NER","Africa",2002,51.88652859,45.30773077,4.82717037,6.57879782
"NER","Africa",2003,52.7806989,46.10065277,4.74740648,6.68004612999999
"NER","Africa",2004,53.86159387,47.03806547,4.97818327,6.8235284
"NER","Africa",2005,54.754071,47.82654004,5.87749624,6.92753096000001
"NER","Africa",2006,55.74288168,48.68624347,5.99335575,7.05663821
"NER","Africa",2007,56.45936065,49.33847177,5.43105888,7.12088888
"NER","Africa",2008,57.32288169,50.09598441,5.24640608,7.22689728
"NER","Africa",2009,57.84177819,50.58509996,5.33850145,7.25667823
"NER","Africa",2010,58.29155093,50.99978352,4.96100473,7.29176741
"NER","Africa",2011,58.60580875,51.30897594,4.87323856,7.29683281
"NER","Africa",2012,58.92187052,51.62439969,4.30732679,7.29747083
"NER","Africa",2013,59.22776171,51.9335135,4.46636009,7.29424821000001
"NER","Africa",2014,59.45072248,52.16697536,4.45377159,7.28374712
"NER","Africa",2015,59.63358442,52.34050567,5.34745932,7.29307875
"NER","Africa",2016,59.83593299,52.5220767,4.53239059,7.31385629
"NER","Africa",2017,60.22725166,52.85652787,5.57609606,7.37072379
"NER","Africa",2018,60.43807872,53.03744245,5.30310822,7.40063627
"NER","Africa",2019,60.57303502,53.15432072,5.66642094,7.4187143
"NER","Africa",2020,60.39192551,52.95938336,6.17012262,7.43254215
"NER","Africa",2021,59.97070525,52.60991521,5.81452751,7.36079004
"NGA","Africa",2000,54.05766545,46.62992657,3.1973834,7.42773888
"NGA","Africa",2001,54.47371595,47.00827914,3.18946862,7.46543681
"NGA","Africa",2002,54.96389545,47.46406406,2.49063969,7.49983139
"NGA","Africa",2003,55.58470303,48.02993382,5.05360985,7.55476921
"NGA","Africa",2004,56.18946769,48.57706352,4.63368416,7.61240417
"NGA","Africa",2005,56.9174905,49.20868422,4.46591949,7.70880628
"NGA","Africa",2006,57.55220397,49.77235715,4.25775146,7.77984682
"NGA","Africa",2007,58.17779892,50.34947065,3.90997243,7.82832827
"NGA","Africa",2008,58.74901559,50.89207514,3.69581532,7.85694045
"NGA","Africa",2009,59.30198282,51.41380952,3.5801971,7.8881733
"NGA","Africa",2010,59.78799099,51.85925363,3.29653287,7.92873736
"NGA","Africa",2011,60.1981229,52.23027318,3.32077932,7.96784972
"NGA","Africa",2012,60.64324912,52.63054275,3.35984254,8.01270637
"NGA","Africa",2013,61.04119261,52.99041115,3.4206934,8.05078146
"NGA","Africa",2014,61.37523759,53.29095432,3.34840417,8.08428327
"NGA","Africa",2015,61.73359862,53.60164097,3.58194995,8.13195765
"NGA","Africa",2016,62.04834174,53.88544145,3.64773679,8.16290029
"NGA","Africa",2017,62.36209316,54.17267199,3.74762511,8.18942117
"NGA","Africa",2018,62.68563037,54.4738699,3.09069347,8.21176047
"NGA","Africa",2019,63.06578367,54.81295678,2.98547053,8.25282689
"NGA","Africa",2020,62.83540426,54.54076277,3.38063431,8.29464149
"NGA","Africa",2021,63.3974984,54.94979444,4.07625723,8.44770396
"RWA","Africa",2000,46.89447249,40.75846362,3.57583427,6.13600887
"RWA","Africa",2001,48.33271376,41.9921985,3.31599975,6.34051526
"RWA","Africa",2002,50.60960504,43.95358343,3.12787294,6.65602161
"RWA","Africa",2003,52.47567981,45.56541615,6.92888737,6.91026366
"RWA","Africa",2004,54.65577616,47.43644142,7.50856972,7.21933474
"RWA","Africa",2005,57.02758036,49.45393816,7.71997023,7.5736422
"RWA","Africa",2006,59.15292023,51.27408819,7.60511971,7.87883204
"RWA","Africa",2007,60.82526391,52.74060722,7.86262226,8.08465669
"RWA","Africa",2008,62.1374836,53.91098628,7.55971909,8.22649732
"RWA","Africa",2009,62.96873523,54.6732986,7.79951382,8.29543663
"RWA","Africa",2010,64.20018842,55.77329832,8.08185482,8.4268901
"RWA","Africa",2011,65.04603076,56.53724775,7.93233776,8.50878301
"RWA","Africa",2012,65.68582887,57.12656335,8.1021471,8.55926552
"RWA","Africa",2013,66.2811484,57.6813097,6.77388763,8.59983870000001
"RWA","Africa",2014,66.67115526,58.05217521,6.98448992,8.61898005
"RWA","Africa",2015,66.96378175,58.33824926,6.65061283,8.62553249
"RWA","Africa",2016,67.17638437,58.54677594,5.968925,8.62960842999999
"RWA","Africa",2017,67.42986245,58.78482298,5.37623835,8.64503947
"RWA","Africa",2018,67.62644841,58.97197321,5.45722818,8.65447519999999
"RWA","Africa",2019,67.75562916,59.10058688,4.91471481,8.65504228
"RWA","Africa",2020,68.26351399,59.49526156,5.79862261,8.76825243
"RWA","Africa",2021,67.54213882,58.71232412,6.23147202,8.82981470000001
"SEN","Africa",2000,58.6097114,50.9548744,3.55015373,7.654837
"SEN","Africa",2001,59.28989485,51.54522991,3.68148756,7.74466494
"SEN","Africa",2002,59.79580137,51.99575769,3.95294404,7.80004368
"SEN","Africa",2003,60.79093407,52.84384043,4.29703569,7.94709364
"SEN","Africa",2004,61.57202557,53.52492769,4.56856203,8.04709788
"SEN","Africa",2005,62.36297007,54.20246683,3.67466521,8.16050324
"SEN","Africa",2006,63.06775371,54.81079452,3.76337624,8.25695919
"SEN","Africa",2007,63.89029063,55.52399214,3.41496587,8.36629849
"SEN","Africa",2008,64.57897818,56.13226963,3.50687575,8.44670854999999
"SEN","Africa",2009,65.11616175,56.60626885,3.841573,8.5098929
"SEN","Africa",2010,65.56526204,56.99633812,4.02764368,8.56892392
"SEN","Africa",2011,65.97224307,57.36160479,4.21416712,8.61063828
"SEN","Africa",2012,66.29422396,57.66918,4.26688004,8.62504396
"SEN","Africa",2013,66.58590644,57.96403234,4.38573599,8.6218741
"SEN","Africa",2014,66.97585439,58.33150255,4.38962269,8.64435183999999
"SEN","Africa",2015,67.3624183,58.6731595,4.37789631,8.6892588
"SEN","Africa",2016,67.7658388,59.0163815,4.25606871,8.7494573
"SEN","Africa",2017,68.11975233,59.31616584,4.16359377,8.80358649
"SEN","Africa",2018,68.44236378,59.59378834,4.43182087,8.84857543999999
"SEN","Africa",2019,68.76445374,59.87235176,4.49531031,8.89210197999999
"SEN","Africa",2020,68.56112195,59.63305896,5.15119171,8.92806299
"SEN","Africa",2021,67.79198263,58.90300084,4.44256258,8.88898179000001
"SLE","Africa",2000,49.78648969,43.07182717,5.29086494,6.71466252
"SLE","Africa",2001,50.94581314,44.07402175,5.22183514,6.87179139
"SLE","Africa",2002,51.28114602,44.37986168,5.55388832,6.90128434
"SLE","Africa",2003,51.5179057,44.59389678,5.06219816,6.92400892
"SLE","Africa",2004,51.79598226,44.84614138,5.23798943,6.94984088
"SLE","Africa",2005,52.10902537,45.13039996,5.23005009,6.97862541
"SLE","Africa",2006,52.49110548,45.50024577,5.29913139,6.99085971
"SLE","Africa",2007,52.87597512,45.91340886,5.31662989,6.96256626
"SLE","Africa",2008,53.55359388,46.58076624,5.60332584,6.97282764
"SLE","Africa",2009,54.19029086,47.20521411,6.27075481,6.98507675
"SLE","Africa",2010,54.97106845,47.91188574,5.64204741,7.05918271
"SLE","Africa",2011,55.66429433,48.52647717,6.60636759,7.13781716
"SLE","Africa",2012,56.36734502,49.14304632,5.92764187,7.2242987
"SLE","Africa",2013,57.05432525,49.74467652,8.45845032,7.30964873
"SLE","Africa",2014,55.83770997,48.77614848,15.11886978,7.06156149
"SLE","Africa",2015,56.88673236,49.64557704,12.3831234,7.24115532
"SLE","Africa",2016,58.75068972,51.22997879,10.05438519,7.52071093
"SLE","Africa",2017,59.15812369,51.57863556,6.00532055,7.57948812999999
"SLE","Africa",2018,59.8662114,52.17374838,5.29927444,7.69246302
"SLE","Africa",2019,60.40224239,52.63188374,5.7052846,7.77035865
"SLE","Africa",2020,60.52060193,52.64918501,5.66489744,7.87141692
"SLE","Africa",2021,61.0228635,53.12722422,5.07244635,7.89563928
"SSD","Africa",2000,51.90046634,44.61005255,NA,7.29041379
"SSD","Africa",2001,52.94166517,45.48404039,NA,7.45762478
"SSD","Africa",2002,53.71928707,46.1397288,NA,7.57955827
"SSD","Africa",2003,54.40318481,46.7114349,NA,7.69174991
"SSD","Africa",2004,55.24391875,47.42739254,NA,7.81652621
"SSD","Africa",2005,55.89935062,47.98780159,NA,7.91154903
"SSD","Africa",2006,56.35280945,48.40386718,NA,7.94894227
"SSD","Africa",2007,57.0352965,49.04271789,NA,7.99257861
"SSD","Africa",2008,57.67870573,49.66625061,NA,8.01245512
"SSD","Africa",2009,57.82228027,49.84973851,NA,7.97254176
"SSD","Africa",2010,58.75152485,50.66755713,NA,8.08396772
"SSD","Africa",2011,58.95406766,50.86418482,NA,8.08988284
"SSD","Africa",2012,59.31057362,51.17684752,NA,8.1337261
"SSD","Africa",2013,59.03400442,50.94743898,NA,8.08656544
"SSD","Africa",2014,59.09264997,50.99329981,NA,8.09935015999999
"SSD","Africa",2015,59.27637583,51.1550016,NA,8.12137423
"SSD","Africa",2016,59.18616055,51.08889764,NA,8.09726291
"SSD","Africa",2017,58.88284459,50.83743265,22.11322403,8.04541194
"SSD","Africa",2018,58.86129412,50.82844482,11.69539356,8.0328493
"SSD","Africa",2019,58.99663561,50.95647471,9.06570053,8.0401609
"SSD","Africa",2020,58.94518456,50.84125547,9.35116673,8.10392909
"SSD","Africa",2021,58.57353884,50.53001725,6.30117083,8.04352159
"STP","Africa",2000,63.12867264,55.51983777,9.31892776,7.60883487
"STP","Africa",2001,63.93324972,56.20284518,9.64001942,7.73040454
"STP","Africa",2002,64.65366231,56.82193504,9.49860477,7.83172727
"STP","Africa",2003,65.23040933,57.32085355,11.46527386,7.90955578
"STP","Africa",2004,65.71008672,57.73687423,10.7211771,7.97321249000001
"STP","Africa",2005,66.27283192,58.24528466,10.35199738,8.02754726
"STP","Africa",2006,66.784757,58.69562993,7.10559654,8.08912707
"STP","Africa",2007,67.22798633,59.07600039,7.00608587,8.15198594
"STP","Africa",2008,67.68827914,59.46564353,5.97009039,8.22263561
"STP","Africa",2009,68.39802803,60.06571701,5.75177002,8.33231102000001
"STP","Africa",2010,68.81769379,60.42910892,5.80827904,8.38858487000001
"STP","Africa",2011,69.19904607,60.7587091,5.65160036,8.44033697
"STP","Africa",2012,69.53766595,61.07881127,7.07299662,8.45885468
"STP","Africa",2013,69.94836441,61.45892394,8.94060898,8.48944047
"STP","Africa",2014,70.26367532,61.7638458,7.91452122,8.49982952000001
"STP","Africa",2015,70.55687146,62.02934346,6.53226852,8.527528
"STP","Africa",2016,70.89699364,62.32219989,7.60211611,8.57479375
"STP","Africa",2017,71.25615442,62.61697285,7.46631384,8.63918157
"STP","Africa",2018,71.4403986,62.77436119,5.91960287,8.66603740999999
"STP","Africa",2019,71.65568515,62.95155858,5.48078823,8.70412657
"STP","Africa",2020,71.25244214,62.51930447,7.32044411,8.73313767
"STP","Africa",2021,71.17810896,62.44256326,7.85889721,8.7355457
"SWZ","Africa",2000,46.7774174,41.41587052,4.60951757,5.36154688
"SWZ","Africa",2001,44.97441053,39.86597674,5.13895369,5.10843379
"SWZ","Africa",2002,43.63857902,38.70892876,5.52298307,4.92965026
"SWZ","Africa",2003,42.59286029,37.79531996,6.37864399,4.79754033
"SWZ","Africa",2004,41.87434793,37.1581294,6.81432486,4.71621853
"SWZ","Africa",2005,41.77987727,37.03601266,7.37623358,4.74386461
"SWZ","Africa",2006,42.74148839,37.80848656,7.82560062,4.93300183
"SWZ","Africa",2007,43.59627355,38.47227093,7.93004131,5.12400262
"SWZ","Africa",2008,44.27535626,38.99908627,8.85792923,5.27626999
"SWZ","Africa",2009,45.04734029,39.63951147,8.63292217,5.40782882
"SWZ","Africa",2010,46.38823095,40.76551799,8.5912571,5.62271296
"SWZ","Africa",2011,48.07568339,42.19010392,8.46997261,5.88557947
"SWZ","Africa",2012,49.10836702,43.05538427,7.82047606,6.05298275
"SWZ","Africa",2013,49.97813792,43.79643174,7.45703411,6.18170618
"SWZ","Africa",2014,50.93411451,44.62004095,7.25596571,6.31407356
"SWZ","Africa",2015,52.11336327,45.6058607,7.05855274,6.50750257
"SWZ","Africa",2016,53.13250876,46.4682297,6.82044792,6.66427906
"SWZ","Africa",2017,53.80924436,47.02421557,6.98103714,6.78502879
"SWZ","Africa",2018,54.73682091,47.80800391,7.31937742,6.928817
"SWZ","Africa",2019,55.74729385,48.65202382,8.40033817,7.09527003
"SWZ","Africa",2020,55.96824586,48.74466818,7.0983777,7.22357768
"SWZ","Africa",2021,54.59266973,47.46740336,7.40552139,7.12526637
"SYC","Africa",2000,72.10530836,63.68929372,4.61071777,8.41601463999999
"SYC","Africa",2001,72.22760033,63.77993591,4.54768324,8.44766442
"SYC","Africa",2002,72.11976114,63.70538315,4.19562864,8.41437798999999
"SYC","Africa",2003,72.02646689,63.6416111,4.86075974,8.38485579
"SYC","Africa",2004,72.21510064,63.78190695,4.66628933,8.43319369
"SYC","Africa",2005,72.35775752,63.90467955,4.44606543,8.45307797000001
"SYC","Africa",2006,72.35760551,63.89835998,4.33191252,8.45924553
"SYC","Africa",2007,72.47348081,63.98590451,3.79315019,8.4875763
"SYC","Africa",2008,72.66235739,64.14412464,3.51518679,8.51823275
"SYC","Africa",2009,72.84593273,64.28210608,3.43580508,8.56382665
"SYC","Africa",2010,73.11877031,64.45529829,4.40148449,8.66347202
"SYC","Africa",2011,73.29952908,64.5611457,4.35539675,8.73838338
"SYC","Africa",2012,73.25421096,64.5238694,5.2896843,8.73034156
"SYC","Africa",2013,73.28849847,64.52533095,4.19129515,8.76316752
"SYC","Africa",2014,73.23814592,64.45434774,4.43609142,8.78379817999999
"SYC","Africa",2015,73.16237091,64.37795088,4.24428654,8.78442003000001
"SYC","Africa",2016,73.07491735,64.30730371,4.71349716,8.76761364000001
"SYC","Africa",2017,73.0936681,64.3186524,4.47661018,8.7750157
"SYC","Africa",2018,73.08090426,64.29452554,4.41706038,8.78637872
"SYC","Africa",2019,73.12375678,64.30942507,4.25269794,8.81433170999999
"SYC","Africa",2020,77.26435364,67.0909655,5.83709192,10.17338814
"SYC","Africa",2021,74.01196664,64.72145007,5.2088151,9.29051656999999
"TCD","Africa",2000,51.16932904,44.56043967,4.20697546,6.60888937
"TCD","Africa",2001,51.59248612,44.92295702,4.08039331,6.6695291
"TCD","Africa",2002,51.79475115,45.10287847,5.60251188,6.69187268
"TCD","Africa",2003,52.10728656,45.37252353,4.24698305,6.73476303
"TCD","Africa",2004,52.48451206,45.68773558,4.23982859,6.79677648
"TCD","Africa",2005,52.94619682,46.07102402,3.73196912,6.87517279999999
"TCD","Africa",2006,53.09314194,46.19199981,3.73417258,6.90114213
"TCD","Africa",2007,53.97297101,46.95287112,3.47199655,7.02009989
"TCD","Africa",2008,54.40322043,47.33629819,3.16359782,7.06692224
"TCD","Africa",2009,55.19430969,48.01678503,3.36260128,7.17752466
"TCD","Africa",2010,55.72346132,48.47130175,3.08810997,7.25215957
"TCD","Africa",2011,56.17787256,48.87551706,2.85585785,7.3023555
"TCD","Africa",2012,56.60362018,49.26178693,2.67306423,7.34183325
"TCD","Africa",2013,57.01481483,49.63984262,2.95766044,7.37497221
"TCD","Africa",2014,57.46459955,50.04902706,3.29708338,7.41557249
"TCD","Africa",2015,57.84629101,50.39477229,3.40253925,7.45151872
"TCD","Africa",2016,58.31677511,50.80920046,3.70842481,7.50757465
"TCD","Africa",2017,58.6099778,51.08215565,3.51023412,7.52782215000001
"TCD","Africa",2018,58.95783062,51.40391697,3.2893219,7.55391365
"TCD","Africa",2019,59.37353739,51.7750884,3.38471627,7.59844899
"TCD","Africa",2020,59.21180605,51.58330064,4.35215092,7.62850541
"TCD","Africa",2021,59.08581443,51.51506012,3.9722333,7.57075431
"TGO","Africa",2000,56.07824585,49.01759129,3.33427,7.06065456
"TGO","Africa",2001,56.11218609,49.06442075,3.4422195,7.04776534
"TGO","Africa",2002,56.21544389,49.16504907,3.44502354,7.05039482
"TGO","Africa",2003,56.35238007,49.29298818,3.44513917,7.05939189
"TGO","Africa",2004,56.74808404,49.62557638,3.48131895,7.12250766
"TGO","Africa",2005,56.95869918,49.80461532,3.98242044,7.15408386
"TGO","Africa",2006,57.51444622,50.28476851,4.30967808,7.22967771
"TGO","Africa",2007,57.69120242,50.45318157,3.67734432,7.23802085
"TGO","Africa",2008,57.96842813,50.71275851,3.74071932,7.25566962
"TGO","Africa",2009,58.50878639,51.18613769,3.92726755,7.3226487
"TGO","Africa",2010,59.15723761,51.74893036,4.33284378,7.40830725
"TGO","Africa",2011,59.7945853,52.31667002,4.38927078,7.47791528
"TGO","Africa",2012,60.30947123,52.7995905,4.64366484,7.50988073
"TGO","Africa",2013,60.71230247,53.20262088,4.78670263,7.50968159
"TGO","Africa",2014,61.08981314,53.57856354,4.90473413,7.5112496
"TGO","Africa",2015,61.52164894,53.97696324,6.24738503,7.5446857
"TGO","Africa",2016,62.01053382,54.40971347,6.58550072,7.60082035
"TGO","Africa",2017,62.55310805,54.87801186,6.50210476,7.67509619
"TGO","Africa",2018,63.07923124,55.3247861,6.16073656,7.75444514
"TGO","Africa",2019,63.64852176,55.80712266,5.91268635,7.8413991
"TGO","Africa",2020,63.84914267,55.93008645,6.18928432,7.91905622
"TGO","Africa",2021,63.86461122,55.84901463,5.6165967,8.01559659
"TZA","Africa",2000,52.79227334,45.91537814,3.41529942,6.8768952
"TZA","Africa",2001,53.52029055,46.5744192,4.23551702,6.94587135
"TZA","Africa",2002,54.24829544,47.25329503,4.68907642,6.99500041
"TZA","Africa",2003,54.98804057,47.95022936,5.34231472,7.03781121
"TZA","Africa",2004,55.69111865,48.61547153,5.7373414,7.07564712
"TZA","Africa",2005,56.55203228,49.39488411,6.32282543,7.15714817
"TZA","Africa",2006,57.81812716,50.4947101,7.598279,7.32341706
"TZA","Africa",2007,59.37881257,51.83851744,6.88427973,7.54029513
"TZA","Africa",2008,60.43730538,52.77322744,5.55704737,7.66407794
"TZA","Africa",2009,61.03787589,53.33909063,5.06306362,7.69878526
"TZA","Africa",2010,61.6819464,53.91693682,5.22392178,7.76500958
"TZA","Africa",2011,62.26370092,54.41998059,5.0559845,7.84372033
"TZA","Africa",2012,63.07821297,55.13880293,5.01779366,7.93941004
"TZA","Africa",2013,64.03254511,55.97418216,4.64643383,8.05836295
"TZA","Africa",2014,64.69269786,56.55152163,4.01492071,8.14117622999999
"TZA","Africa",2015,65.15719683,56.95198146,3.64969945,8.20521537
"TZA","Africa",2016,65.60342077,57.31818708,3.96350336,8.28523369
"TZA","Africa",2017,65.98183854,57.62930057,4.02325726,8.35253797
"TZA","Africa",2018,66.39625941,57.97651854,4.32775831,8.41974087
"TZA","Africa",2019,66.78631383,58.31164253,4.02347755,8.4746713
"TZA","Africa",2020,67.40275668,58.72748284,3.05028677,8.67527384
"TZA","Africa",2021,66.8101483,58.07286825,3.46963334,8.73728005
"UGA","Africa",2000,48.8900405,42.49072451,5.0827775,6.39931599
"UGA","Africa",2001,49.78388659,43.26322986,5.05208397,6.52065673
"UGA","Africa",2002,50.65046911,44.01737369,4.77136898,6.63309542
"UGA","Africa",2003,51.68238982,44.91112242,4.2991581,6.7712674
"UGA","Africa",2004,53.13418916,46.14398151,4.70022202,6.99020765
"UGA","Africa",2005,54.81013228,47.53250225,5.80516291,7.27763003
"UGA","Africa",2006,55.99216305,48.51985392,6.463305,7.47230913
"UGA","Africa",2007,56.83050321,49.27544833,6.11309004,7.55505488
"UGA","Africa",2008,57.97310088,50.30766988,5.45474958,7.665431
"UGA","Africa",2009,59.05814244,51.28545767,5.78845549,7.77268477
"UGA","Africa",2010,59.96020545,52.0889511,6.80890226,7.87125434999999
"UGA","Africa",2011,60.87012607,52.87313258,6.6959095,7.99699349
"UGA","Africa",2012,61.8009059,53.69035031,6.10853958,8.11055559
"UGA","Africa",2013,62.71779853,54.51526919,5.78252411,8.20252934
"UGA","Africa",2014,63.49406001,55.21564183,5.33653069,8.27841818
"UGA","Africa",2015,64.2155816,55.84688197,4.99643135,8.36869963
"UGA","Africa",2016,64.67477151,56.25831911,5.01553297,8.4164524
"UGA","Africa",2017,65.21733648,56.75483873,3.99852037,8.46249775
"UGA","Africa",2018,65.71888649,57.21662843,4.02153397,8.50225806
"UGA","Africa",2019,66.0878394,57.55453728,3.79341364,8.53330212
"UGA","Africa",2020,66.29850916,57.68586334,5.23865509,8.61264582
"UGA","Africa",2021,65.98577935,57.22439375,5.47374916,8.7613856
"ZAF","Africa",2000,57.11947907,49.40035764,7.3366189,7.71912142999999
"ZAF","Africa",2001,55.86714584,48.34494846,7.12327909,7.52219738
"ZAF","Africa",2002,54.31987896,47.07074324,6.67774487,7.24913572
"ZAF","Africa",2003,52.93394541,45.93863664,7.04098177,6.99530877
"ZAF","Africa",2004,52.24650084,45.36053684,6.938416,6.885964
"ZAF","Africa",2005,52.03156981,45.16339037,6.86216164,6.86817944
"ZAF","Africa",2006,52.10797353,45.21049814,6.87650871,6.89747539
"ZAF","Africa",2007,52.90958642,45.85225535,6.90510845,7.05733107
"ZAF","Africa",2008,53.91253666,46.66834195,7.14832258,7.24419471
"ZAF","Africa",2009,55.26976416,47.76768007,7.64941454,7.50208409
"ZAF","Africa",2010,57.09683041,49.23620874,7.79358244,7.86062167
"ZAF","Africa",2011,59.100348,50.83901213,7.94434404,8.26133587
"ZAF","Africa",2012,60.81522121,52.22923022,8.00428867,8.58599099
"ZAF","Africa",2013,62.08498269,53.26840623,8.10322285,8.81657646
"ZAF","Africa",2014,62.78312708,53.83648312,7.87136555,8.94664396
"ZAF","Africa",2015,63.26267522,54.24537473,8.05304241,9.01730049
"ZAF","Africa",2016,63.87748533,54.74947162,8.07959366,9.12801371
"ZAF","Africa",2017,64.74836762,55.45014033,7.97711372,9.29822728999999
"ZAF","Africa",2018,65.31532246,55.9036875,8.0819664,9.41163496000001
"ZAF","Africa",2019,65.83739077,56.29404412,8.24652863,9.54334665
"ZAF","Africa",2020,64.30356494,55.03596828,9.02174091,9.26759666
"ZAF","Africa",2021,61.49918805,52.75708232,8.6645031,8.74210573
"ZMB","Africa",2000,44.52713939,38.89197983,4.12029076,5.63515956
"ZMB","Africa",2001,44.99215514,39.30980385,4.77853632,5.68235129
"ZMB","Africa",2002,45.80351415,40.032304,5.88845205,5.77121015
"ZMB","Africa",2003,47.10240747,41.15664249,5.99553585,5.94576498
"ZMB","Africa",2004,48.77289416,42.56884362,5.46587515,6.20405054
"ZMB","Africa",2005,50.2612912,43.79955293,6.33088684,6.46173827
"ZMB","Africa",2006,51.7626963,45.03264787,5.5774231,6.73004843
"ZMB","Africa",2007,53.57698997,46.56791691,4.55994081,7.00907306
"ZMB","Africa",2008,55.35570144,48.11215208,4.49370766,7.24354936
"ZMB","Africa",2009,56.61649649,49.21949057,5.22568512,7.39700592
"ZMB","Africa",2010,57.42656833,49.92398062,4.13426876,7.50258771
"ZMB","Africa",2011,58.02295113,50.46861683,3.95913363,7.5543343
"ZMB","Africa",2012,58.68526361,51.07565822,4.04541731,7.60960539
"ZMB","Africa",2013,59.35535185,51.69497502,4.57390451,7.66037683
"ZMB","Africa",2014,59.98021269,52.25649549,3.82924223,7.7237172
"ZMB","Africa",2015,60.4135173,52.65751174,4.42974281,7.75600556
"ZMB","Africa",2016,60.96146792,53.13472021,4.46923161,7.82674771
"ZMB","Africa",2017,61.28533224,53.41062819,4.78156233,7.87470405
"ZMB","Africa",2018,61.41187871,53.54286138,4.76996708,7.86901733
"ZMB","Africa",2019,61.76313302,53.8691716,6.75330257,7.89396142
"ZMB","Africa",2020,61.83164861,53.91470698,6.3067441,7.91694163
"ZMB","Africa",2021,60.96884286,52.97009434,6.63951397,7.99874852
"ZWE","Africa",2000,45.74529001,40.53121634,NA,5.21407367
"ZWE","Africa",2001,45.43212975,40.28706948,NA,5.14506027
"ZWE","Africa",2002,45.11250007,40.03708513,NA,5.07541494
"ZWE","Africa",2003,45.01274563,39.96559541,NA,5.04715022
"ZWE","Africa",2004,45.152854,40.09101382,NA,5.06184018
"ZWE","Africa",2005,45.7065362,40.54494692,NA,5.16158928
"ZWE","Africa",2006,46.40915188,41.11315649,NA,5.29599539
"ZWE","Africa",2007,47.34902637,41.87136574,NA,5.47766063
"ZWE","Africa",2008,48.32688541,42.68523492,NA,5.64165049
"ZWE","Africa",2009,49.66000005,43.80701945,NA,5.8529806
"ZWE","Africa",2010,51.41783245,45.31472879,10.47575283,6.10310366
"ZWE","Africa",2011,53.27755042,46.89143509,8.081707,6.38611533
"ZWE","Africa",2012,54.90174943,48.28139125,6.91838741,6.62035818
"ZWE","Africa",2013,56.08364808,49.31670883,7.11022186,6.76693925
"ZWE","Africa",2014,56.95717402,50.05069082,8.1335125,6.9064832
"ZWE","Africa",2015,57.4934476,50.51099991,7.45204067,6.98244769
"ZWE","Africa",2016,57.9178434,50.89948879,7.25845575,7.01835461
"ZWE","Africa",2017,58.23863624,51.19990376,6.17448902,7.03873248
"ZWE","Africa",2018,58.69836684,51.62104799,4.67327976,7.07731885
"ZWE","Africa",2019,59.07171997,51.95162108,3.23268151,7.12009888999999
"ZWE","Africa",2020,59.40476255,52.19894576,2.95440102,7.20581679
"ZWE","Africa",2021,58.48102238,51.24891236,2.67111874,7.23211002
"ARG","Americas",2000,74.28695107,64.72535308,8.22001076,9.56159799
"ARG","Americas",2001,74.27061688,64.70476777,8.26966286,9.56584911
"ARG","Americas",2002,74.2583112,64.6506822,7.33203077,9.60762899999999
"ARG","Americas",2003,74.25492535,64.63331387,6.92670012,9.62161148
"ARG","Americas",2004,74.90566583,65.10704885,7.09477043,9.79861698
"ARG","Americas",2005,75.25530861,65.36535744,7.73392439,9.88995117
"ARG","Americas",2006,75.5327089,65.57385824,7.70940399,9.95885066
"ARG","Americas",2007,75.05610078,65.23929084,7.86196613,9.81680994
"ARG","Americas",2008,75.69496821,65.71530592,8.24087811,9.97966228999999
"ARG","Americas",2009,75.85194237,65.84575692,9.56852913,10.00618545
"ARG","Americas",2010,75.76938267,65.82537667,9.4852438,9.944006
"ARG","Americas",2011,75.94927296,65.96714709,9.51042366,9.98212587
"ARG","Americas",2012,76.1760553,66.15198684,9.8851881,10.02406846
"ARG","Americas",2013,76.20888199,66.19268083,9.92091465,10.01620116
"ARG","Americas",2014,76.51452536,66.43944114,9.79773045,10.07508422
"ARG","Americas",2015,76.5300965,66.4804501,10.27364159,10.0496464
"ARG","Americas",2016,76.12474817,66.19880052,10.05355549,9.92594765
"ARG","Americas",2017,76.64354126,66.60261944,10.26057911,10.04092182
"ARG","Americas",2018,76.88825006,66.78873409,10.17289257,10.09951597
"ARG","Americas",2019,77.01582731,66.89652894,10.11911297,10.11929837
"ARG","Americas",2020,76.22884718,66.15404009,10.67246342,10.07480709
"ARG","Americas",2021,74.56898059,64.7943616,11.00910187,9.77461898999999
"ATG","Americas",2000,74.39228457,64.89145237,4.3239274,9.5008322
"ATG","Americas",2001,74.69656338,65.12184473,4.95880318,9.57471864999999
"ATG","Americas",2002,74.99067045,65.33903239,4.79512262,9.65163806
"ATG","Americas",2003,75.21279447,65.50188757,5.04073191,9.71090690000001
"ATG","Americas",2004,75.37748429,65.62162772,4.58488464,9.75585656999999
"ATG","Americas",2005,75.53604558,65.74246128,4.46260214,9.79358430000001
"ATG","Americas",2006,75.54507792,65.74497804,4.11220551,9.80009987999999
"ATG","Americas",2007,74.95910853,65.31739825,3.92354655,9.64171028
"ATG","Americas",2008,75.05552794,65.38525763,3.69396091,9.67027031000001
"ATG","Americas",2009,75.51285045,65.72733971,3.69979143,9.78551074000001
"ATG","Americas",2010,75.57823922,65.76684546,4.75770044,9.81139376
"ATG","Americas",2011,75.62067241,65.79155544,4.81000614,9.82911697
"ATG","Americas",2012,75.66312684,65.82234476,4.81754541,9.84078208000001
"ATG","Americas",2013,75.71757904,65.86590598,4.9103117,9.85167306000001
"ATG","Americas",2014,75.59206584,65.76819568,5.32218313,9.82387016
"ATG","Americas",2015,75.61540401,65.78181683,4.90963078,9.83358718000001
"ATG","Americas",2016,75.54812509,65.72074921,4.93979549,9.82737588
"ATG","Americas",2017,75.565575,65.72508125,4.66318989,9.84049374999999
"ATG","Americas",2018,75.62352245,65.75885542,4.6865654,9.86466702999999
"ATG","Americas",2019,75.65878463,65.78406019,4.27709961,9.87472443999999
"ATG","Americas",2020,77.61326031,67.12332491,5.68408012,10.4899354
"ATG","Americas",2021,76.91527032,66.52282216,4.81315422,10.39244816
"BHS","Americas",2000,70.96744554,62.22187193,3.80487037,8.74557361
"BHS","Americas",2001,71.11367814,62.33781269,3.92440891,8.77586545
"BHS","Americas",2002,71.58107452,62.70679775,3.81251931,8.87427677
"BHS","Americas",2003,72.01356703,63.04729665,4.01998568,8.96627038
"BHS","Americas",2004,72.14409998,63.13649728,4.04628181,9.00760269999999
"BHS","Americas",2005,72.65880067,63.51450105,4.03196478,9.14429962
"BHS","Americas",2006,72.66353382,63.50091639,4.30935764,9.16261743
"BHS","Americas",2007,73.08736276,63.82714955,4.49598694,9.26021321
"BHS","Americas",2008,72.97662842,63.73663999,4.86261654,9.23998843
"BHS","Americas",2009,72.80785073,63.60806027,5.1500144,9.19979046
"BHS","Americas",2010,72.74533372,63.54791102,5.25594234,9.1974227
"BHS","Americas",2011,72.74543627,63.52990504,5.32398558,9.21553123
"BHS","Americas",2012,72.84562635,63.5955061,5.3190918,9.25012025
"BHS","Americas",2013,73.00901267,63.71754039,5.68411207,9.29147228
"BHS","Americas",2014,72.64786335,63.45476121,5.64133978,9.19310213999999
"BHS","Americas",2015,72.92357543,63.66429349,5.244627,9.25928194
"BHS","Americas",2016,72.949178,63.68865178,5.65515327,9.26052622
"BHS","Americas",2017,73.21936648,63.88691326,6.6036396,9.33245322
"BHS","Americas",2018,73.38286364,64.00947656,5.83890343,9.37338708
"BHS","Americas",2019,70.73776422,61.78259766,5.70484161,8.95516656
"BHS","Americas",2020,72.61586296,63.2631174,7.3983264,9.35274556
"BHS","Americas",2021,70.43274063,61.51529426,6.78537178,8.91744637
"BLZ","Americas",2000,70.09513226,61.59952895,2.93866777,8.49560331
"BLZ","Americas",2001,70.61498891,61.95799702,3.45384741,8.65699188999999
"BLZ","Americas",2002,71.34369042,62.49379145,3.55506229,8.84989897
"BLZ","Americas",2003,71.80038956,62.83947397,3.5292151,8.96091559
"BLZ","Americas",2004,72.03089544,63.01286653,3.41825557,9.01802891
"BLZ","Americas",2005,72.3988756,63.2871883,3.43729496,9.1116873
"BLZ","Americas",2006,72.62147619,63.46459088,3.54883528,9.15688530999999
"BLZ","Americas",2007,73.05180238,63.79866083,4.05345058,9.25314155
"BLZ","Americas",2008,73.53821496,64.16628793,4.51286459,9.37192703000001
"BLZ","Americas",2009,73.6700987,64.26836615,4.50473404,9.40173254999999
"BLZ","Americas",2010,73.60567774,64.21536294,4.47716761,9.3903148
"BLZ","Americas",2011,73.84911498,64.39294465,4.52904415,9.45617032999999
"BLZ","Americas",2012,74.18063851,64.64194515,4.34283972,9.53869336
"BLZ","Americas",2013,74.31081667,64.75006555,4.42128754,9.56075111999999
"BLZ","Americas",2014,74.2195742,64.68998689,4.87071466,9.52958731
"BLZ","Americas",2015,74.30568158,64.75590999,4.65988731,9.54977158999999
"BLZ","Americas",2016,74.39638983,64.82041546,4.77207184,9.57597437
"BLZ","Americas",2017,74.56128899,64.95240314,4.62228823,9.60888584999999
"BLZ","Americas",2018,74.57665716,64.96468216,4.75529861,9.611975
"BLZ","Americas",2019,74.86586064,65.18987547,4.81608105,9.67598516999999
"BLZ","Americas",2020,74.69437572,64.96752236,5.33901167,9.72685335999999
"BLZ","Americas",2021,73.32055336,63.82471615,5.04598379,9.49583721
"BOL","Americas",2000,66.09385895,57.77192285,4.39554119,8.3219361
"BOL","Americas",2001,66.7449711,58.32686699,4.82522202,8.41810411
"BOL","Americas",2002,67.18430642,58.71116151,4.89645052,8.47314491
"BOL","Americas",2003,67.7351254,59.18225695,5.19709635,8.55286845
"BOL","Americas",2004,68.28111683,59.64657997,4.86315727,8.63453686
"BOL","Americas",2005,68.73158288,60.03287605,5.07408142,8.69870683000001
"BOL","Americas",2006,69.1623043,60.40342774,4.66087532,8.75887656
"BOL","Americas",2007,69.47053335,60.68347184,4.6968894,8.78706150999999
"BOL","Americas",2008,69.78566323,60.96613112,4.60677242,8.81953211
"BOL","Americas",2009,70.13714581,61.27764569,5.17444515,8.85950012000001
"BOL","Americas",2010,70.42881387,61.53712186,5.20230532,8.89169201
"BOL","Americas",2011,70.72011626,61.79347116,5.17306805,8.9266451
"BOL","Americas",2012,71.0361986,62.06465608,5.2539444,8.97154252000001
"BOL","Americas",2013,71.33805685,62.3208874,5.57465124,9.01716945
"BOL","Americas",2014,71.64868401,62.58112255,5.89613628,9.06756145999999
"BOL","Americas",2015,71.94895895,62.83453862,6.55064964,9.11442033000001
"BOL","Americas",2016,72.22076039,63.06133881,6.83333063,9.15942157999999
"BOL","Americas",2017,72.44784311,63.25060364,6.4901948,9.19723946999999
"BOL","Americas",2018,72.69070111,63.44896254,6.60399437,9.24173857000001
"BOL","Americas",2019,72.91976198,63.63729884,6.88792992,9.28246314
"BOL","Americas",2020,67.11714577,58.80750087,8.0225811,8.3096449
"BOL","Americas",2021,65.41062535,57.42539887,8.16016769,7.98522648
"BRA","Americas",2000,71.4995438,60.91617447,8.33457184,10.58336933
"BRA","Americas",2001,71.80355904,61.13983597,8.54963303,10.66372307
"BRA","Americas",2002,72.03662703,61.30199509,8.69686985,10.73463194
"BRA","Americas",2003,72.30491342,61.49373029,8.18899441,10.81118313
"BRA","Americas",2004,72.50201054,61.6411022,8.12491989,10.86090834
"BRA","Americas",2005,73.14791265,62.12906861,8.03539562,11.01884404
"BRA","Americas",2006,73.33073271,62.32623873,8.24952507,11.00449398
"BRA","Americas",2007,73.5789865,62.6114321,8.20182991,10.9675544
"BRA","Americas",2008,73.71397618,62.82508332,8.01128483,10.88889286
"BRA","Americas",2009,73.8424263,63.02031014,8.39480495,10.82211616
"BRA","Americas",2010,73.92337469,63.14578565,7.94516611,10.77758904
"BRA","Americas",2011,74.01518436,63.25101288,7.78819132,10.76417148
"BRA","Americas",2012,74.28196582,63.48118734,7.73637724,10.80077848
"BRA","Americas",2013,74.42169527,63.630557,7.9766016,10.79113827
"BRA","Americas",2014,74.63621389,63.81908924,8.39644146,10.81712465
"BRA","Americas",2015,74.711289,63.90502983,8.90929985,10.80625917
"BRA","Americas",2016,74.56188231,63.79834092,9.16901684,10.76354139
"BRA","Americas",2017,74.98912241,64.13833828,9.47125053,10.85078413
"BRA","Americas",2018,75.31944699,64.39620816,9.46475029,10.92323883
"BRA","Americas",2019,75.47815778,64.5250651,9.61449146,10.95309268
"BRA","Americas",2020,74.11393563,63.27264316,9.62326527,10.84129247
"BRA","Americas",2021,72.38840694,61.8265355,9.63646507,10.56187144
"BRB","Americas",2000,74.60503157,65.29220076,4.92612553,9.31283080999999
"BRB","Americas",2001,75.05768919,65.63873738,5.10418987,9.41895181000001
"BRB","Americas",2002,74.85759375,65.48668286,5.41338634,9.37091089
"BRB","Americas",2003,74.55086448,65.2507317,6.17312717,9.30013278
"BRB","Americas",2004,74.61548026,65.2993939,6.7109499,9.31608636
"BRB","Americas",2005,74.96322109,65.55410348,6.14326382,9.40911761000001
"BRB","Americas",2006,75.05596421,65.60946534,5.90468073,9.44649887
"BRB","Americas",2007,75.24398474,65.73472991,5.36863089,9.50925483
"BRB","Americas",2008,75.50932099,65.91861037,5.73821974,9.59071062000001
"BRB","Americas",2009,75.90513677,66.18975004,6.30137348,9.71538672999999
"BRB","Americas",2010,75.95734033,66.20590739,5.97029495,9.75143294
"BRB","Americas",2011,76.02367426,66.2541419,6.05910301,9.76953236000001
"BRB","Americas",2012,76.23035481,66.42112344,6.85218811,9.80923136999999
"BRB","Americas",2013,76.24143589,66.44083028,6.48274279,9.80060561
"BRB","Americas",2014,76.24311034,66.45115363,6.09732294,9.79195671000001
"BRB","Americas",2015,76.29023437,66.48699436,6.09170628,9.80324001
"BRB","Americas",2016,76.32461251,66.51275746,6.19479513,9.81185504999999
"BRB","Americas",2017,76.33626177,66.52146752,6.0020504,9.81479424999999
"BRB","Americas",2018,76.28319327,66.47962001,5.83037996,9.80357325999999
"BRB","Americas",2019,76.03984637,66.29088775,5.67476797,9.74895862000001
"BRB","Americas",2020,76.9491323,66.85220992,6.7272892,10.09692238
"BRB","Americas",2021,76.8418344,66.66856965,7.4427762,10.17326475
"CAN","Americas",2000,79.08864173,68.54031942,8.24808502,10.54832231
"CAN","Americas",2001,79.3114365,68.68351049,8.62476349,10.62792601
"CAN","Americas",2002,79.42214804,68.74086886,8.85665226,10.68127918
"CAN","Americas",2003,79.5801332,68.8218648,9.01086521,10.7582684
"CAN","Americas",2004,79.85004413,68.99361882,9.06623363,10.85642531
"CAN","Americas",2005,79.95094625,69.04258182,9.03529835,10.90836443
"CAN","Americas",2006,80.37081942,69.32835814,9.33188725,11.04246128
"CAN","Americas",2007,80.38195578,69.3204493,9.4346962,11.06150648
"CAN","Americas",2008,80.56313756,69.43457161,9.59427929,11.12856595
"CAN","Americas",2009,80.88259979,69.64831409,10.70402527,11.2342857
"CAN","Americas",2010,81.14359407,69.83137644,10.70066547,11.31221763
"CAN","Americas",2011,81.40188658,70.02853914,10.40518665,11.37334744
"CAN","Americas",2012,81.49329928,70.08354106,10.5407114,11.40975822
"CAN","Americas",2013,81.55829938,70.13169276,10.43559265,11.42660662
"CAN","Americas",2014,81.59103957,70.15528777,10.28115654,11.4357518
"CAN","Americas",2015,81.64860674,70.1902754,10.76397896,11.45833134
"CAN","Americas",2016,81.74452018,70.21204708,11.05626965,11.5324731
"CAN","Americas",2017,81.70954318,70.14702804,10.9242115,11.56251514
"CAN","Americas",2018,81.73382897,70.12190013,10.92262077,11.61192884
"CAN","Americas",2019,82.0216251,70.29668163,11.04823494,11.72494347
"CAN","Americas",2020,81.29950989,69.62553122,13.01732922,11.67397867
"CAN","Americas",2021,81.58276248,69.7835968,12.38106632,11.79916568
"CHL","Americas",2000,76.79721978,66.26121513,7.00020742,10.53600465
"CHL","Americas",2001,76.75737429,66.20919832,7.09733105,10.54817597
"CHL","Americas",2002,77.34180988,66.61445074,7.20833778,10.72735914
"CHL","Americas",2003,77.44592963,66.65581465,7.25047779,10.79011498
"CHL","Americas",2004,77.54890712,66.69767744,6.91028595,10.85122968
"CHL","Americas",2005,78.0049121,67.01837711,6.62372065,10.98653499
"CHL","Americas",2006,78.48262712,67.38584339,6.07235622,11.09678373
"CHL","Americas",2007,78.48498969,67.46124702,6.21259642,11.02374267
"CHL","Americas",2008,79.19803048,68.03831687,6.73954487,11.15971361
"CHL","Americas",2009,79.00490643,67.95209013,7.25026846,11.0528163
"CHL","Americas",2010,78.83198498,67.86189257,6.81958389,10.97009241
"CHL","Americas",2011,79.55204941,68.36719666,6.79947519,11.18485275
"CHL","Americas",2012,79.58354937,68.38526702,7.01951265,11.19828235
"CHL","Americas",2013,79.82550323,68.53303745,7.47552681,11.29246578
"CHL","Americas",2014,79.93658439,68.59244014,7.84150171,11.34414425
"CHL","Americas",2015,80.12508082,68.71123145,8.3513937,11.41384937
"CHL","Americas",2016,80.46247256,68.95787866,8.55767059,11.5045939
"CHL","Americas",2017,80.65876294,69.11214979,9.090518,11.54661315
"CHL","Americas",2018,80.96185803,69.32516725,9.15040398,11.63669078
"CHL","Americas",2019,81.02769155,69.37230839,9.30968475,11.65538316
"CHL","Americas",2020,79.90385052,68.34494597,9.69734573,11.55890455
"CHL","Americas",2021,79.02404788,67.65230473,9.72450161,11.37174315
"COL","Americas",2000,72.53854433,63.31689115,5.63529348,9.22165318
"COL","Americas",2001,72.62895792,63.40642077,5.94238281,9.22253715000001
"COL","Americas",2002,72.8310481,63.56518358,5.73296595,9.26586452
"COL","Americas",2003,73.54484514,64.18801768,5.77505445,9.35682746
"COL","Americas",2004,73.98320442,64.53227601,5.79892111,9.45092841
"COL","Americas",2005,74.43998835,64.91936767,6.06710577,9.52062067999999
"COL","Americas",2006,74.69666325,65.14866115,6.33546638,9.5480021
"COL","Americas",2007,75.19865773,65.57328803,6.49102163,9.62536969999999
"COL","Americas",2008,75.40888643,65.78102318,6.84192181,9.62786324999999
"COL","Americas",2009,75.75932913,66.05374061,7.31134558,9.70558851999999
"COL","Americas",2010,75.96054748,66.24508248,7.07130194,9.71546500000001
"COL","Americas",2011,76.68552906,66.81985658,6.78076792,9.86567247999999
"COL","Americas",2012,76.94484313,67.04399187,6.74601603,9.90085126
"COL","Americas",2013,77.2278702,67.28847667,7.01724052,9.93939353
"COL","Americas",2014,77.36559952,67.43828283,7.18553209,9.92731669
"COL","Americas",2015,77.34484367,67.44897514,7.52338505,9.89586853
"COL","Americas",2016,77.57662615,67.62395705,7.53117037,9.95266909999999
"COL","Americas",2017,77.7944403,67.79425455,7.67864323,10.00018575
"COL","Americas",2018,77.82372796,67.80175629,7.71777487,10.02197167
"COL","Americas",2019,77.9535847,67.90056298,7.83404827,10.05302172
"COL","Americas",2020,76.17457612,66.36999036,8.69751263,9.80458576
"COL","Americas",2021,74.53297363,65.02156489,9.14150524,9.51140874000001
"CRI","Americas",2000,78.16621895,67.8318355,6.56498718,10.33438345
"CRI","Americas",2001,78.07165726,67.74771766,6.47409868,10.3239396
"CRI","Americas",2002,78.85732142,68.27838095,6.8690877,10.57894047
"CRI","Americas",2003,78.7075014,68.1605988,6.9691925,10.5469026
"CRI","Americas",2004,78.67775018,68.13052767,6.63006067,10.54722251
"CRI","Americas",2005,79.72199388,68.87792934,6.66429663,10.84406454
"CRI","Americas",2006,79.36411318,68.5746123,6.93530846,10.78950088
"CRI","Americas",2007,80.2305467,69.22516466,6.99642611,11.00538204
"CRI","Americas",2008,80.2939043,69.24767851,7.4685483,11.04622579
"CRI","Americas",2009,80.60955741,69.47755177,7.86019182,11.13200564
"CRI","Americas",2010,79.51380421,68.63827845,8.02937698,10.87552576
"CRI","Americas",2011,80.26271645,69.18762856,8.12197781,11.07508789
"CRI","Americas",2012,80.42316166,69.2949856,7.78642273,11.12817606
"CRI","Americas",2013,80.59788537,69.40710297,7.68229342,11.1907824
"CRI","Americas",2014,80.47995762,69.32897323,7.66376209,11.15098439
"CRI","Americas",2015,80.57423676,69.38444245,7.59196186,11.18979431
"CRI","Americas",2016,80.11048492,69.0385745,7.31724358,11.07191042
"CRI","Americas",2017,80.19506162,69.11886044,7.04522991,11.07620118
"CRI","Americas",2018,80.28882351,69.18391639,7.28587723,11.10490712
"CRI","Americas",2019,80.30073211,69.21303269,7.2212491,11.08769942
"CRI","Americas",2020,79.99304212,68.80789472,7.82545757,11.1851474
"CRI","Americas",2021,78.63053412,67.63481911,7.61130476,10.99571501
"CUB","Americas",2000,76.74758667,67.02192111,6.58189821,9.72566556000001
"CUB","Americas",2001,76.71378311,67.0310236,6.9820981,9.68275951
"CUB","Americas",2002,77.74907347,67.80471555,7.11481619,9.94435792
"CUB","Americas",2003,77.44238196,67.61819844,7.10295439,9.82418352
"CUB","Americas",2004,77.44558258,67.66148656,6.83178711,9.78409602000001
"CUB","Americas",2005,77.20755679,67.49940128,8.75525475,9.70815551
"CUB","Americas",2006,78.02512407,68.11989413,8.2719059,9.90522994
"CUB","Americas",2007,78.10025005,68.17212798,10.9674921,9.92812207
"CUB","Americas",2008,77.87743841,68.02653553,11.31422806,9.85090287999999
"CUB","Americas",2009,78.01983317,68.11967484,12.29053974,9.90015833
"CUB","Americas",2010,77.83366676,67.99172507,10.6880827,9.84194169
"CUB","Americas",2011,78.52888871,68.49445256,11.31298637,10.03443615
"CUB","Americas",2012,78.42125643,68.4002023,9.29940987,10.02105413
"CUB","Americas",2013,78.31147223,68.31798483,10.43099499,9.99348740000001
"CUB","Americas",2014,78.1433227,68.20493879,12.14121914,9.93838391
"CUB","Americas",2015,77.92972815,68.03091942,12.81404305,9.89880873
"CUB","Americas",2016,78.14353782,68.18186336,12.21769619,9.96167446000001
"CUB","Americas",2017,77.65330792,67.83257015,11.47201538,9.82073777000001
"CUB","Americas",2018,77.85421876,67.96337365,11.01842499,9.89084511
"CUB","Americas",2019,77.66173555,67.79739049,11.08501148,9.86434506
"CUB","Americas",2020,77.63538969,67.69022769,12.48641968,9.945162
"CUB","Americas",2021,73.67333077,64.6194696,13.78746605,9.05386117
"DOM","Americas",2000,73.39790354,63.75565251,4.88427496,9.64225103
"DOM","Americas",2001,73.59849431,63.93264525,4.88183308,9.66584906000001
"DOM","Americas",2002,73.59133884,63.98303121,4.98649025,9.60830763000001
"DOM","Americas",2003,73.229535,63.77799165,4.38888264,9.45154335
"DOM","Americas",2004,72.74531085,63.46098697,4.2877388,9.28432388
"DOM","Americas",2005,72.80023496,63.52305412,4.35391188,9.27718084
"DOM","Americas",2006,72.80245873,63.51353164,3.99365425,9.28892709
"DOM","Americas",2007,72.98138698,63.63371175,4.08935308,9.34767522999999
"DOM","Americas",2008,73.27970118,63.84226685,4.56442022,9.43743433
"DOM","Americas",2009,73.54510674,64.02080142,4.76706171,9.52430532
"DOM","Americas",2010,73.80111624,64.18910337,4.92896748,9.61201287
"DOM","Americas",2011,74.02906414,64.34410881,5.04506636,9.68495533000001
"DOM","Americas",2012,73.71953299,64.10236522,5.05897284,9.61716777000001
"DOM","Americas",2013,73.27936819,63.76258832,4.92594242,9.51677987
"DOM","Americas",2014,73.26353439,63.71794716,4.80942917,9.54558723
"DOM","Americas",2015,73.29460988,63.73321469,4.73534584,9.56139519
"DOM","Americas",2016,73.33430363,63.74098539,4.58582401,9.59331824
"DOM","Americas",2017,73.41062894,63.77789598,4.44562674,9.63273296
"DOM","Americas",2018,73.52093617,63.84924495,4.21765518,9.67169122
"DOM","Americas",2019,73.91314074,64.1430915,4.36808872,9.77004924000001
"DOM","Americas",2020,73.56757121,63.74390426,4.96490288,9.82366695
"DOM","Americas",2021,73.32102758,63.56255142,5.08839989,9.75847616000001
"ECU","Americas",2000,72.58843233,63.49542982,3.57367969,9.09300251
"ECU","Americas",2001,73.06545756,63.87675376,4.06365538,9.1887038
"ECU","Americas",2002,73.16724011,63.9813867,4.81404829,9.18585340999999
"ECU","Americas",2003,73.9172371,64.58262689,5.79232407,9.33461020999999
"ECU","Americas",2004,73.96568777,64.64527828,5.88152218,9.32040949
"ECU","Americas",2005,73.75770165,64.49488412,5.85904884,9.26281753000001
"ECU","Americas",2006,73.97387898,64.67020437,5.93617773,9.30367461
"ECU","Americas",2007,74.34691701,64.94418757,5.55722475,9.40272944
"ECU","Americas",2008,74.40727021,64.98192711,5.52174902,9.42534309999999
"ECU","Americas",2009,74.93359345,65.36759705,6.03388453,9.5659964
"ECU","Americas",2010,75.14738891,65.54009232,6.34925699,9.60729659
"ECU","Americas",2011,75.58177801,65.87894631,6.60509682,9.70283169999999
"ECU","Americas",2012,75.807667,66.06980989,6.87859821,9.73785710999999
"ECU","Americas",2013,76.40415478,66.53825747,6.77866411,9.86589730999999
"ECU","Americas",2014,76.8969622,66.92390409,6.76601839,9.97305811000001
"ECU","Americas",2015,77.15293465,67.13273598,7.76786041,10.02019867
"ECU","Americas",2016,77.17996695,67.16229591,7.58817482,10.01767104
"ECU","Americas",2017,77.31252311,67.28601221,7.52484131,10.0265109
"ECU","Americas",2018,77.46907136,67.40549527,7.83364677,10.06357609
"ECU","Americas",2019,77.75172721,67.61542231,7.80878448,10.1363049
"ECU","Americas",2020,72.71138213,63.51526577,8.60608387,9.19611636
"ECU","Americas",2021,73.95801182,64.34154411,8.37526226,9.61646771
"GRD","Americas",2000,71.59448817,62.63842705,5.35886383,8.95606112000001
"GRD","Americas",2001,71.53484581,62.59667832,5.62456989,8.93816748999999
"GRD","Americas",2002,71.12022945,62.28021895,6.17569733,8.8400105
"GRD","Americas",2003,70.832783,62.07589344,5.28485727,8.75688956
"GRD","Americas",2004,70.40655547,61.7472508,5.36568451,8.65930467
"GRD","Americas",2005,70.64904308,61.95210659,5.14460278,8.69693649
"GRD","Americas",2006,70.91199156,62.14724254,5.11352158,8.76474902
"GRD","Americas",2007,71.03136798,62.22145507,5.23867893,8.80991291
"GRD","Americas",2008,70.92544169,62.12672487,5.386199,8.79871682
"GRD","Americas",2009,70.93802753,62.1224459,5.43471003,8.81558163
"GRD","Americas",2010,71.08230057,62.21607386,5.4188118,8.86622671
"GRD","Americas",2011,72.12250252,62.96334234,5.80423355,9.15916018
"GRD","Americas",2012,72.68392882,63.37103764,5.82235765,9.31289118000001
"GRD","Americas",2013,72.62189848,63.32585615,5.62652922,9.29604233
"GRD","Americas",2014,72.54366171,63.26513979,4.77353573,9.27852192
"GRD","Americas",2015,72.54736101,63.25899793,4.64675617,9.28836308
"GRD","Americas",2016,72.49134059,63.2069096,4.43910027,9.28443098999999
"GRD","Americas",2017,72.61647079,63.28957141,4.65701056,9.32689937999999
"GRD","Americas",2018,72.78877041,63.4110389,4.58373737,9.37773151
"GRD","Americas",2019,72.72978901,63.36418117,4.93189621,9.36560784
"GRD","Americas",2020,75.35142309,65.21547299,5.30602551,10.1359501
"GRD","Americas",2021,72.77322454,63.16201019,5.27963448,9.61121435
"GTM","Americas",2000,68.30883271,58.7017072,5.39686108,9.60712551
"GTM","Americas",2001,68.64112754,58.9960088,6.07023716,9.64511874
"GTM","Americas",2002,69.34050502,59.53458372,6.01301289,9.80592129999999
"GTM","Americas",2003,69.39160529,59.58015383,6.15306854,9.81145146
"GTM","Americas",2004,69.65899192,59.79849915,6.26182795,9.86049277000001
"GTM","Americas",2005,69.30530428,59.5299707,6.14826393,9.77533358
"GTM","Americas",2006,69.85634314,59.96348823,6.36362219,9.89285491
"GTM","Americas",2007,70.68269963,60.6190573,6.1918335,10.06364233
"GTM","Americas",2008,71.01416309,60.88999214,6.08129978,10.12417095
"GTM","Americas",2009,70.84468993,60.78319118,6.33938646,10.06149875
"GTM","Americas",2010,71.06943555,60.99413923,6.1247797,10.07529632
"GTM","Americas",2011,71.55408827,61.39007406,5.96306896,10.16401421
"GTM","Americas",2012,71.91726662,61.70783699,6.07316971,10.20942963
"GTM","Americas",2013,71.749288,61.62747285,5.77188921,10.12181515
"GTM","Americas",2014,71.9774007,61.84212909,5.8885684,10.13527161
"GTM","Americas",2015,72.0454314,61.9180724,6.00602007,10.127359
"GTM","Americas",2016,72.23492224,62.0834032,6.07008219,10.15151904
"GTM","Americas",2017,72.69594645,62.46800098,6.13563824,10.22794547
"GTM","Americas",2018,72.72918484,62.52173531,6.10662699,10.20744953
"GTM","Americas",2019,72.70697215,62.53651792,6.17443275,10.17045423
"GTM","Americas",2020,70.95988885,61.05037089,6.4591527,9.90951796
"GTM","Americas",2021,68.69573697,59.25327698,7.35698891,9.44245999
"GUY","Americas",2000,64.65122902,55.94767134,3.18737936,8.70355768
"GUY","Americas",2001,64.66515946,55.97977423,3.05506778,8.68538523
"GUY","Americas",2002,64.62860972,55.97056256,3.19353795,8.65804716
"GUY","Americas",2003,64.68058964,56.0233607,3.26884198,8.65722894
"GUY","Americas",2004,64.85780334,56.16766374,3.43770432,8.6901396
"GUY","Americas",2005,65.05195592,56.3105617,3.79409742,8.74139422
"GUY","Americas",2006,65.30397068,56.50694686,3.93144464,8.79702382000001
"GUY","Americas",2007,65.67248785,56.7857605,4.28126192,8.88672734999999
"GUY","Americas",2008,65.75519494,56.82897286,4.20242214,8.92622208
"GUY","Americas",2009,66.08669636,57.09212862,4.35117149,8.99456774000001
"GUY","Americas",2010,66.14634849,57.12583758,4.21897697,9.02051090999999
"GUY","Americas",2011,66.13531761,57.11145549,4.17213488,9.02386212
"GUY","Americas",2012,66.17236525,57.13519133,3.7081871,9.03717392
"GUY","Americas",2013,66.2421095,57.18918919,3.80231309,9.05292031
"GUY","Americas",2014,66.55197342,57.43564667,3.94755435,9.11632675
"GUY","Americas",2015,66.95276619,57.75163952,4.02264786,9.20112667000001
"GUY","Americas",2016,67.56739413,58.2255817,4.01842117,9.34181243
"GUY","Americas",2017,68.19380586,58.69897103,4.3191123,9.49483483
"GUY","Americas",2018,68.74661773,59.12681142,4.90492535,9.61980630999999
"GUY","Americas",2019,68.73185311,59.14235901,4.90331507,9.5894941
"GUY","Americas",2020,66.93943966,57.65944285,5.37510586,9.27999681000001
"GUY","Americas",2021,66.0777533,56.82071,4.64326477,9.2570433
"HND","Americas",2000,69.7632118,60.74747595,6.26817989,9.01573584999999
"HND","Americas",2001,69.91583233,60.88005217,5.92998314,9.03578016
"HND","Americas",2002,70.08108435,61.01733869,6.2445755,9.06374566
"HND","Americas",2003,70.19195664,61.10641781,6.89004707,9.08553883
"HND","Americas",2004,70.3400508,61.23102535,6.85484362,9.10902545
"HND","Americas",2005,70.54437222,61.39807046,7.50086403,9.14630176
"HND","Americas",2006,70.7448816,61.5573694,7.86318684,9.1875122
"HND","Americas",2007,70.94703187,61.71162411,8.08494949,9.23540776
"HND","Americas",2008,70.9858569,61.74557162,8.60362625,9.24028528
"HND","Americas",2009,70.99448917,61.76762523,8.99592495,9.22686393999999
"HND","Americas",2010,70.83426628,61.6705866,8.72536373,9.16367967999999
"HND","Americas",2011,70.68279372,61.60674587,8.79187012,9.07604785000001
"HND","Americas",2012,68.99495317,60.28447761,8.65655136,8.71047556
"HND","Americas",2013,69.35287284,60.59044341,8.47723007,8.76242943
"HND","Americas",2014,69.52157081,60.74285144,7.91455746,8.77871937
"HND","Americas",2015,69.52898147,60.75913311,7.4837904,8.76984836
"HND","Americas",2016,71.09197895,62.05365003,7.709445,9.03832892
"HND","Americas",2017,71.27116934,62.21165635,7.00668859,9.05951299
"HND","Americas",2018,71.31264864,62.24685183,7.22820663,9.06579681000001
"HND","Americas",2019,71.43843431,62.34940977,7.34316635,9.08902454
"HND","Americas",2020,70.3347631,61.29582849,9.21912384,9.03893461
"HND","Americas",2021,68.96309289,60.04648065,9.27311516,8.91661224
"HTI","Americas",2000,56.72887807,49.15635416,3.99165702,7.57252391
"HTI","Americas",2001,57.13290254,49.52289919,3.7502923,7.61000335000001
"HTI","Americas",2002,57.58049169,49.93040282,3.43250132,7.65008887
"HTI","Americas",2003,57.92054551,50.25531808,3.53695321,7.66522743
"HTI","Americas",2004,57.54298421,49.97215878,3.42928433,7.57082543
"HTI","Americas",2005,58.63996581,50.91823795,3.30554652,7.72172786
"HTI","Americas",2006,59.24644609,51.46997465,3.48013902,7.77647144
"HTI","Americas",2007,59.85463205,52.04779199,3.64734101,7.80684006
"HTI","Americas",2008,60.2556984,52.46229528,3.75722051,7.79340312
"HTI","Americas",2009,60.74938385,52.94325567,3.50277376,7.80612818
"HTI","Americas",2010,39.95809831,35.27476254,4.54871035,4.68333577
"HTI","Americas",2011,61.10474412,52.85756286,5.91197777,8.24718126
"HTI","Americas",2012,61.52991507,53.20168201,5.56462336,8.32823306
"HTI","Americas",2013,61.91874198,53.51628413,4.10524035,8.40245785
"HTI","Americas",2014,62.25423095,53.78456611,4.52035809,8.46966484
"HTI","Americas",2015,62.5149437,53.99979583,5.07518148,8.51514787000001
"HTI","Americas",2016,62.79654412,54.2477099,4.80760574,8.54883422
"HTI","Americas",2017,63.2460029,54.63706308,3.8199389,8.60893982
"HTI","Americas",2018,63.47163817,54.83311093,4.31650305,8.63852724
"HTI","Americas",2019,63.66018845,54.99784235,3.91107917,8.6623461
"HTI","Americas",2020,63.41051389,54.73509414,3.78651953,8.67541975
"HTI","Americas",2021,62.4563858,53.93619508,3.57739854,8.52019072
"JAM","Americas",2000,72.25330071,63.61314957,5.97869205,8.64015114000001
"JAM","Americas",2001,72.14321688,63.53030176,5.15652943,8.61291512
"JAM","Americas",2002,73.03304352,64.22637875,5.57934141,8.80666477000001
"JAM","Americas",2003,73.46076447,64.57091819,4.99239254,8.88984628
"JAM","Americas",2004,73.7183442,64.77659011,5.83766747,8.94175409
"JAM","Americas",2005,71.36246208,62.84777122,5.82104874,8.51469086
"JAM","Americas",2006,74.44972953,65.3246889,5.51022339,9.12504063
"JAM","Americas",2007,69.58643623,61.44095728,6.19109583,8.14547895
"JAM","Americas",2008,70.6377363,62.27501755,6.65533972,8.36271875
"JAM","Americas",2009,72.19787809,63.48071051,6.37021589,8.71716758
"JAM","Americas",2010,73.95794492,64.95496074,6.44219255,9.00298418
"JAM","Americas",2011,72.86139713,64.02516696,6.5231781,8.83623016999999
"JAM","Americas",2012,74.19029935,65.1363361,6.18602896,9.05396325000001
"JAM","Americas",2013,74.2198557,65.16503286,6.28453302,9.05482284
"JAM","Americas",2014,73.23854714,64.42370499,6.28673887,8.81484214999999
"JAM","Americas",2015,72.28943851,63.60295464,6.61477137,8.68648387
"JAM","Americas",2016,72.33025467,63.64015294,6.5901823,8.69010173
"JAM","Americas",2017,72.33086714,63.63215264,6.98476934,8.69871449999999
"JAM","Americas",2018,72.51790169,63.77895152,6.83884478,8.73895017
"JAM","Americas",2019,72.23602877,63.55076363,6.96945572,8.68526514
"JAM","Americas",2020,72.64037778,63.75281798,7.47555304,8.88755979999999
"JAM","Americas",2021,70.1439437,61.72002219,8.00261688,8.42392150999999
"LCA","Americas",2000,73.2192679,63.53430954,4.86549902,9.68495836
"LCA","Americas",2001,73.33798376,63.64102496,5.12139463,9.6969588
"LCA","Americas",2002,73.50932526,63.78501262,5.38887024,9.72431263999999
"LCA","Americas",2003,73.77614845,64.00841574,5.24069643,9.76773270999999
"LCA","Americas",2004,73.99518133,64.18731203,4.76760817,9.80786929999999
"LCA","Americas",2005,74.35093561,64.46346426,4.86039829,9.88747135
"LCA","Americas",2006,74.71126509,64.72813862,5.1270175,9.98312647
"LCA","Americas",2007,75.22231763,65.08411965,5.54166603,10.13819798
"LCA","Americas",2008,75.53396399,65.30768337,5.09061956,10.22628062
"LCA","Americas",2009,75.83775931,65.52050974,5.24410772,10.31724957
"LCA","Americas",2010,76.00781498,65.60785577,5.05056047,10.39995921
"LCA","Americas",2011,76.24846107,65.76074712,5.06134319,10.48771395
"LCA","Americas",2012,76.39869599,65.86962078,4.92510271,10.52907521
"LCA","Americas",2013,76.18455493,65.72414159,5.07107592,10.46041334
"LCA","Americas",2014,76.28411905,65.79872913,4.6836338,10.48538992
"LCA","Americas",2015,76.39243252,65.87599623,4.57866001,10.51643629
"LCA","Americas",2016,76.20059158,65.75412637,4.51095486,10.44646521
"LCA","Americas",2017,76.138896,65.71738797,4.45561934,10.42150803
"LCA","Americas",2018,76.11272762,65.70406908,4.27262402,10.40865854
"LCA","Americas",2019,76.11613744,65.70754563,4.290905,10.40859181
"LCA","Americas",2020,75.63349527,65.23654385,7.01033401,10.39695142
"LCA","Americas",2021,71.1130421,61.76200255,6.26193285,9.35103955
"MEX","Americas",2000,74.21831002,64.10140838,4.24436522,10.11690164
"MEX","Americas",2001,74.55106521,64.3659926,4.58201361,10.18507261
"MEX","Americas",2002,74.58875796,64.40892434,4.83042812,10.17983362
"MEX","Americas",2003,74.62788874,64.45331033,5.53978777,10.17457841
"MEX","Americas",2004,75.04316184,64.76301612,5.6835022,10.28014572
"MEX","Americas",2005,74.92683948,64.69041941,5.58110142,10.23642007
"MEX","Americas",2006,75.33649525,64.97712837,5.40647888,10.35936688
"MEX","Americas",2007,75.52454869,65.09934911,5.50668049,10.42519958
"MEX","Americas",2008,75.08739804,64.76100028,5.44587374,10.32639776
"MEX","Americas",2009,75.14215277,64.76591289,5.84786463,10.37623988
"MEX","Americas",2010,74.95254484,64.64722411,5.4897337,10.30532073
"MEX","Americas",2011,75.42631561,64.99708929,5.30093002,10.42922632
"MEX","Americas",2012,75.6445679,65.1809795,5.42140484,10.4635884
"MEX","Americas",2013,75.92944746,65.43016256,5.5773263,10.4992849
"MEX","Americas",2014,75.90738439,65.44766869,5.35336781,10.4597157
"MEX","Americas",2015,75.93967708,65.50346116,5.52738619,10.43621592
"MEX","Americas",2016,75.76103333,65.38088852,5.38499022,10.38014481
"MEX","Americas",2017,75.87022362,65.46614439,5.3117938,10.40407923
"MEX","Americas",2018,75.91673747,65.50832405,5.23821402,10.40841342
"MEX","Americas",2019,75.8344286,65.4608084,5.3013463,10.3736202
"MEX","Americas",2020,70.94625179,61.59445373,6.05248594,9.35179806000001
"MEX","Americas",2021,70.83258685,61.43518472,5.87678003,9.39740213
"NIC","Americas",2000,76.18011127,65.29110125,5.23883677,10.88901002
"NIC","Americas",2001,76.09169207,65.26561103,5.48459768,10.82608104
"NIC","Americas",2002,75.92476263,65.17977205,5.73315859,10.74499058
"NIC","Americas",2003,75.81400954,65.13883589,6.08317614,10.67517365
"NIC","Americas",2004,75.88808385,65.22077628,6.05740356,10.66730757
"NIC","Americas",2005,75.7199093,65.11995653,6.22468948,10.59995277
"NIC","Americas",2006,76.73424987,65.8830222,6.35756445,10.85122767
"NIC","Americas",2007,76.42101694,65.67626289,6.95643044,10.74475405
"NIC","Americas",2008,76.35592363,65.653414,7.16700697,10.70250963
"NIC","Americas",2009,76.56414767,65.82364562,7.68584394,10.74050205
"NIC","Americas",2010,77.06996179,66.20730822,7.71019173,10.86265357
"NIC","Americas",2011,76.94363065,66.13089688,7.44982004,10.81273377
"NIC","Americas",2012,77.05200653,66.22468329,7.48836899,10.82732324
"NIC","Americas",2013,77.25621199,66.39074619,7.63869238,10.8654658
"NIC","Americas",2014,77.51891848,66.58790537,7.97716141,10.93101311
"NIC","Americas",2015,78.26048387,67.15428783,7.96303272,11.10619604
"NIC","Americas",2016,77.92580193,66.92869291,8.04877567,10.99710902
"NIC","Americas",2017,78.50836352,67.36838569,8.32754421,11.13997783
"NIC","Americas",2018,78.45090354,67.33405924,8.4993515,11.1168443
"NIC","Americas",2019,78.87404349,67.68334258,8.50037098,11.19070091
"NIC","Americas",2020,75.04233435,64.80710319,8.55739307,10.23523116
"NIC","Americas",2021,75.02796138,64.61449366,9.54984856,10.41346772
"PAN","Americas",2000,76.15178489,66.24572963,6.98486614,9.90605526
"PAN","Americas",2001,76.07140858,66.21096688,6.91849852,9.8604417
"PAN","Americas",2002,76.2835354,66.35877226,7.05643845,9.92476314000001
"PAN","Americas",2003,76.1866534,66.28129925,6.71176672,9.90535414999999
"PAN","Americas",2004,76.4816701,66.5088336,7.08192825,9.9728365
"PAN","Americas",2005,76.45196957,66.47902658,6.20666599,9.97294299000001
"PAN","Americas",2006,76.72660117,66.65225703,6.54604864,10.07434414
"PAN","Americas",2007,76.98645861,66.8453581,7.35227633,10.14110051
"PAN","Americas",2008,76.98278869,66.81102698,6.80452538,10.17176171
"PAN","Americas",2009,77.16899668,66.93339271,6.9857955,10.23560397
"PAN","Americas",2010,76.99379194,66.82755075,7.22332573,10.16624119
"PAN","Americas",2011,77.51683567,67.18397539,6.83196259,10.33286028
"PAN","Americas",2012,77.44906477,67.1379723,6.50450659,10.31109247
"PAN","Americas",2013,77.6523099,67.30647128,6.52210426,10.34583862
"PAN","Americas",2014,77.76557135,67.39496331,6.91532087,10.37060804
"PAN","Americas",2015,78.14484121,67.68368474,6.93698502,10.46115647
"PAN","Americas",2016,78.24463546,67.77023148,7.09378099,10.47440398
"PAN","Americas",2017,78.33177954,67.84166418,7.16492653,10.49011536
"PAN","Americas",2018,78.651343,68.07903661,7.60132933,10.57230639
"PAN","Americas",2019,78.97361247,68.31230743,8.13541794,10.66130504
"PAN","Americas",2020,77.34684989,66.87675243,10.21630001,10.47009746
"PAN","Americas",2021,77.23869904,66.73552793,9.13571072,10.50317111
"PER","Americas",2000,75.12364237,65.41701554,4.41482639,9.70662683
"PER","Americas",2001,75.95904765,66.09935153,4.72161007,9.85969612
"PER","Americas",2002,76.14080179,66.2865429,4.93902588,9.85425889
"PER","Americas",2003,76.35423675,66.49190624,4.58703804,9.86233050999999
"PER","Americas",2004,76.9955842,67.01700444,4.42972279,9.97857976
"PER","Americas",2005,77.53672089,67.45731073,4.66598511,10.07941016
"PER","Americas",2006,78.10561579,67.92391917,4.409585,10.18169662
"PER","Americas",2007,78.66735579,68.39626364,4.42611313,10.27109215
"PER","Americas",2008,78.86141336,68.58710639,4.53098345,10.27430697
"PER","Americas",2009,78.11832326,68.07115279,4.95976877,10.04717047
"PER","Americas",2010,78.21420603,68.18074,4.70582962,10.03346603
"PER","Americas",2011,78.64438915,68.53336165,4.52216864,10.1110275
"PER","Americas",2012,79.02001015,68.8422807,4.72939587,10.17772945
"PER","Americas",2013,79.48260244,69.21246488,4.71272659,10.27013756
"PER","Americas",2014,80.00001335,69.61672479,4.90967321,10.38328856
"PER","Americas",2015,80.33747677,69.88473592,4.90453625,10.45274085
"PER","Americas",2016,80.1644759,69.77767781,4.89353323,10.38679809
"PER","Americas",2017,79.35847297,69.19344583,4.80915499,10.16502714
"PER","Americas",2018,78.99013811,68.92692217,5.0835557,10.06321594
"PER","Americas",2019,78.29293866,68.41484707,5.12525272,9.87809159000001
"PER","Americas",2020,72.7753962,63.90066449,6.34739399,8.87473171000001
"PER","Americas",2021,71.66727055,62.98693141,6.67309427,8.68033914
"PRI","Americas",2000,76.24708096,66.19643798,NA,10.05064298
"PRI","Americas",2001,76.24165094,66.18162054,NA,10.0600304
"PRI","Americas",2002,77.12054839,66.83901502,NA,10.28153337
"PRI","Americas",2003,77.39170794,67.04737028,NA,10.34433766
"PRI","Americas",2004,77.47011967,67.1111468,NA,10.35897287
"PRI","Americas",2005,77.60317033,67.20130693,NA,10.4018634
"PRI","Americas",2006,78.05684106,67.5382418,NA,10.51859926
"PRI","Americas",2007,78.30688641,67.72958219,NA,10.57730422
"PRI","Americas",2008,78.51538133,67.89045864,NA,10.62492269
"PRI","Americas",2009,78.42308292,67.82263052,NA,10.6004524
"PRI","Americas",2010,79.0570999,68.30615661,NA,10.75094329
"PRI","Americas",2011,78.60025958,67.956497,NA,10.64376258
"PRI","Americas",2012,79.34782827,68.51787277,NA,10.8299555
"PRI","Americas",2013,79.37939532,68.55796044,NA,10.82143488
"PRI","Americas",2014,79.89363862,68.95023459,NA,10.94340403
"PRI","Americas",2015,80.5149692,69.41534078,NA,11.09962842
"PRI","Americas",2016,80.23535619,69.2111723,NA,11.02418389
"PRI","Americas",2017,78.42817699,67.78499864,NA,10.64317835
"PRI","Americas",2018,80.71857467,69.59550933,NA,11.12306534
"PRI","Americas",2019,80.50288098,69.43609469,NA,11.06678629
"PRI","Americas",2020,79.93442802,68.86191714,NA,11.07251088
"PRI","Americas",2021,79.90294803,68.82376354,NA,11.07918449
"PRY","Americas",2000,74.68296704,64.41241949,6.01865244,10.27054755
"PRY","Americas",2001,74.99163931,64.65221713,5.60815811,10.33942218
"PRY","Americas",2002,75.11313392,64.75498238,4.75770569,10.35815154
"PRY","Americas",2003,75.00581985,64.69159541,4.90703917,10.31422444
"PRY","Americas",2004,74.56424274,64.37704197,4.93224335,10.18720077
"PRY","Americas",2005,74.85137666,64.61779025,4.82934713,10.23358641
"PRY","Americas",2006,74.82171264,64.60058058,5.01927567,10.22113206
"PRY","Americas",2007,74.95391274,64.69853218,5.02042723,10.25538056
"PRY","Americas",2008,74.99888647,64.72202177,5.03776026,10.2768647
"PRY","Americas",2009,74.78626703,64.56247467,5.52496862,10.22379236
"PRY","Americas",2010,74.73073675,64.53704031,5.46593952,10.19369644
"PRY","Americas",2011,74.93009617,64.69857352,5.82225847,10.23152265
"PRY","Americas",2012,75.12046624,64.85476708,6.53144598,10.26569916
"PRY","Americas",2013,75.03958612,64.8111356,6.0642848,10.22845052
"PRY","Americas",2014,75.31468858,65.02737382,6.62719059,10.28731476
"PRY","Americas",2015,75.16683709,64.93215869,6.69165802,10.2346784
"PRY","Americas",2016,74.86420083,64.71715605,6.67556572,10.14704478
"PRY","Americas",2017,75.34684774,65.07421118,6.60902548,10.27263656
"PRY","Americas",2018,75.22367023,64.98378294,6.74497652,10.23988729
"PRY","Americas",2019,75.07903551,64.87178917,7.16081905,10.20724634
"PRY","Americas",2020,75.24817035,64.85424131,7.67533064,10.39392904
"PRY","Americas",2021,70.27080999,60.87813875,8.03277016,9.39267124000001
"SLV","Americas",2000,71.64575132,62.01959037,7.84342813,9.62616095
"SLV","Americas",2001,71.7165175,62.08964515,7.88604879,9.62687234999999
"SLV","Americas",2002,73.27326528,63.28882203,7.88565731,9.98444325
"SLV","Americas",2003,73.05229991,63.13871564,7.77182293,9.91358427
"SLV","Americas",2004,73.29271781,63.29305257,8.1302166,9.99966524
"SLV","Americas",2005,73.40349475,63.37326522,9.20057869,10.03022953
"SLV","Americas",2006,73.70492095,63.59217992,8.69338894,10.11274103
"SLV","Americas",2007,74.16542856,63.97241675,8.47836304,10.19301181
"SLV","Americas",2008,74.41041249,64.21056681,8.49585915,10.19984568
"SLV","Americas",2009,74.00196009,63.89100743,8.83749676,10.11095266
"SLV","Americas",2010,74.56329622,64.38478997,8.90416241,10.17850625
"SLV","Americas",2011,74.57443118,64.40046295,8.87645435,10.17396823
"SLV","Americas",2012,75.27280087,65.00252012,8.60625362,10.27028075
"SLV","Americas",2013,74.78717919,64.6947881,9.05235958,10.09239109
"SLV","Americas",2014,73.8558025,64.01612878,8.5989418,9.83967371999999
"SLV","Americas",2015,72.73292352,63.13200139,8.75833225,9.60092213
"SLV","Americas",2016,73.58698324,63.79822117,8.71456337,9.78876207
"SLV","Americas",2017,73.71813956,63.96286076,8.42286873,9.7552788
"SLV","Americas",2018,74.65055232,64.64978465,8.322752,10.00076767
"SLV","Americas",2019,74.28004903,64.38870404,8.80846119,9.89134499000001
"SLV","Americas",2020,72.06392712,62.57983737,8.95105076,9.48408975
"SLV","Americas",2021,71.66703998,62.19610022,10.12668991,9.47093976
"SUR","Americas",2000,70.55904903,61.3829083,5.87092161,9.17614073
"SUR","Americas",2001,70.47457078,61.31355451,3.82474971,9.16101626999999
"SUR","Americas",2002,70.41647923,61.2735501,5.32991552,9.14292912999999
"SUR","Americas",2003,70.50252643,61.33370127,4.88878393,9.16882516
"SUR","Americas",2004,70.80110636,61.55451625,5.4608078,9.24659011000001
"SUR","Americas",2005,71.23039924,61.87409056,5.2439642,9.35630868
"SUR","Americas",2006,71.692617,62.2120461,5.85598755,9.4805709
"SUR","Americas",2007,72.06527282,62.47756233,5.22148609,9.58771049000001
"SUR","Americas",2008,72.20581026,62.56291001,4.74699593,9.64290025
"SUR","Americas",2009,72.61759185,62.86274515,4.97810316,9.7548467
"SUR","Americas",2010,72.79506364,62.98276041,4.6978569,9.81230323
"SUR","Americas",2011,73.11587921,63.21532549,4.40932178,9.90055372
"SUR","Americas",2012,73.34638856,63.38670533,4.28435707,9.95968323
"SUR","Americas",2013,73.14787483,63.25462112,4.48738098,9.89325371
"SUR","Americas",2014,73.05386141,63.17724046,4.52127838,9.87662095
"SUR","Americas",2015,72.9788443,63.10278503,5.80808163,9.87605927000001
"SUR","Americas",2016,73.09259708,63.16671614,5.99283743,9.92588094000001
"SUR","Americas",2017,73.2092718,63.25452058,5.32285929,9.95475122
"SUR","Americas",2018,73.08581977,63.16675544,6.60567093,9.91906433
"SUR","Americas",2019,73.02285851,63.11979056,8.38353634,9.90306795000001
"SUR","Americas",2020,72.80157877,62.76119174,6.03425598,10.04038703
"SUR","Americas",2021,69.78412349,60.30026042,5.01704168,9.48386307
"TTO","Americas",2000,70.4199372,61.39101036,4.23492479,9.02892684
"TTO","Americas",2001,70.55567603,61.48209582,4.0346489,9.07358021
"TTO","Americas",2002,71.08783441,61.8809802,4.72302485,9.20685421
"TTO","Americas",2003,70.96473433,61.77986007,4.18767118,9.18487426
"TTO","Americas",2004,71.34856579,62.05882932,4.30805206,9.28973646999999
"TTO","Americas",2005,71.67544737,62.29316335,4.43451166,9.38228402
"TTO","Americas",2006,72.20904818,62.68715512,4.15431976,9.52189306
"TTO","Americas",2007,72.39472984,62.80771528,4.1536026,9.58701456
"TTO","Americas",2008,72.03571655,62.50864851,3.6575706,9.52706804
"TTO","Americas",2009,72.84103384,63.10797753,5.48676443,9.73305631
"TTO","Americas",2010,73.32339874,63.47503744,5.08042908,9.8483613
"TTO","Americas",2011,74.01459781,64.00174931,4.72197914,10.0128485
"TTO","Americas",2012,74.64546221,64.48424958,4.62851572,10.16121263
"TTO","Americas",2013,74.31731073,64.25188322,4.80224705,10.06542751
"TTO","Americas",2014,74.31626767,64.26089226,4.87381697,10.05537541
"TTO","Americas",2015,74.35412517,64.29914546,5.6525383,10.05497971
"TTO","Americas",2016,73.83467512,63.90702076,6.47465849,9.92765436
"TTO","Americas",2017,74.00520612,64.0298405,6.56562996,9.97536561999999
"TTO","Americas",2018,73.99505843,63.99936868,6.65089417,9.99568975
"TTO","Americas",2019,74.09327397,64.07092927,6.90704823,10.0223447
"TTO","Americas",2020,73.63599489,63.59176434,7.47677326,10.04423055
"TTO","Americas",2021,71.70712647,61.94469938,7.20521307,9.76242709
"URY","Americas",2000,74.87862057,65.33564723,9.17182446,9.54297333999999
"URY","Americas",2001,74.92750681,65.37437965,9.75702,9.55312716
"URY","Americas",2002,75.11068373,65.48571504,9.64023018,9.62496869
"URY","Americas",2003,74.80937399,65.23182816,9.57667351,9.57754582999999
"URY","Americas",2004,75.26030661,65.57325408,8.26618195,9.68705253
"URY","Americas",2005,75.64994667,65.86510658,7.72390509,9.78484009
"URY","Americas",2006,76.33233577,66.37845003,7.70998907,9.95388574
"URY","Americas",2007,75.38115954,65.65790318,7.46167231,9.72325635999999
"URY","Americas",2008,76.39345878,66.39653783,8.09081745,9.99692095
"URY","Americas",2009,76.67128798,66.60962351,7.91611385,10.06166447
"URY","Americas",2010,76.48217264,66.49172035,7.87757301,9.99045229000001
"URY","Americas",2011,76.59711654,66.55796,7.91521358,10.03915654
"URY","Americas",2012,76.40566239,66.40536444,8.03330803,10.00029795
"URY","Americas",2013,76.7019772,66.61563263,8.0844841,10.08634457
"URY","Americas",2014,77.15013883,66.95855323,8.038908,10.1915856
"URY","Americas",2015,77.09925201,66.92449081,8.25703716,10.1747612
"URY","Americas",2016,76.84527198,66.73621917,8.63852501,10.10905281
"URY","Americas",2017,77.33933717,67.07910772,8.71702194,10.26022945
"URY","Americas",2018,77.03739696,66.82723705,8.9001112,10.21015991
"URY","Americas",2019,77.01365627,66.81174318,9.240695,10.20191309
"URY","Americas",2020,77.79436073,67.32914507,9.08774948,10.46521566
"URY","Americas",2021,74.98295244,64.9870654,8.91955471,9.99588704
"USA","Americas",2000,76.65847648,65.32207274,12.49002075,11.33640374
"USA","Americas",2001,76.75000279,65.36243672,13.16817093,11.38756607
"USA","Americas",2002,76.84998093,65.43271002,13.99535275,11.41727091
"USA","Americas",2003,76.98967151,65.53086007,14.50557518,11.45881144
"USA","Americas",2004,77.3972613,65.81921487,14.55123138,11.57804643
"USA","Americas",2005,77.38462128,65.80625867,14.57946205,11.57836261
"USA","Americas",2006,77.68331379,65.99705176,14.70878792,11.68626203
"USA","Americas",2007,77.94056193,66.15695082,14.91832542,11.78361111
"USA","Americas",2008,78.0493345,66.21892585,15.20723629,11.83040865
"USA","Americas",2009,78.42393798,66.44310028,16.20067596,11.9808377
"USA","Americas",2010,78.6069239,66.55658322,16.19722366,12.05034068
"USA","Americas",2011,78.65364022,66.55993182,16.14000511,12.0937084
"USA","Americas",2012,78.77111574,66.5924201,16.11975479,12.17869564
"USA","Americas",2013,78.75952758,66.53189596,15.95227051,12.22763162
"USA","Americas",2014,78.80026105,66.4977395,16.1415844,12.30252155
"USA","Americas",2015,78.61058161,66.30626019,16.40155411,12.30432142
"USA","Americas",2016,78.55677254,66.16788375,16.69203949,12.38888879
"USA","Americas",2017,78.50077044,66.02778237,16.63827515,12.47298807
"USA","Americas",2018,78.62912526,66.02103921,16.51312637,12.60808605
"USA","Americas",2019,78.73923827,66.0238988,16.54486084,12.71533947
"USA","Americas",2020,76.89250856,64.4312583,18.51597404,12.46125026
"USA","Americas",2021,76.37368104,63.91495735,17.35207748,12.45872369
"VCT","Americas",2000,71.66187212,62.5378607,3.98284125,9.12401142
"VCT","Americas",2001,71.90344128,62.70910396,4.01057482,9.19433732
"VCT","Americas",2002,72.01069433,62.78177647,4.08079481,9.22891786000001
"VCT","Americas",2003,72.24268792,62.96149805,3.96341038,9.28118986999999
"VCT","Americas",2004,72.36667565,63.05702268,3.8710556,9.30965297
"VCT","Americas",2005,72.5595686,63.19142913,3.83410811,9.36813947
"VCT","Americas",2006,72.92616303,63.45880438,3.6556716,9.46735865
"VCT","Americas",2007,73.25297188,63.69778898,3.82213306,9.5551829
"VCT","Americas",2008,73.51667142,63.88864132,3.8878386,9.6280301
"VCT","Americas",2009,73.56239685,63.91611993,4.09299564,9.64627692
"VCT","Americas",2010,73.48342047,63.84540512,4.30325222,9.63801535
"VCT","Americas",2011,73.21012386,63.6291687,4.23327732,9.58095516
"VCT","Americas",2012,72.98728933,63.4485394,4.46855974,9.53874993
"VCT","Americas",2013,72.60483816,63.13657277,4.23780632,9.46826539
"VCT","Americas",2014,72.73600877,63.22740105,4.17431307,9.50860772
"VCT","Americas",2015,72.79473614,63.25849553,4.11605787,9.53624061
"VCT","Americas",2016,72.98153488,63.39492056,4.09760141,9.58661432
"VCT","Americas",2017,73.09125438,63.4781181,4.23171329,9.61313627999999
"VCT","Americas",2018,73.17900227,63.54019481,4.25346231,9.63880746
"VCT","Americas",2019,73.10795228,63.48513319,4.26063251,9.62281909000001
"VCT","Americas",2020,72.74742918,63.13048025,4.87071276,9.61694893
"VCT","Americas",2021,72.55709418,62.87965073,5.26607132,9.67744345
"VEN","Americas",2000,74.03248641,64.37740591,NA,9.65508050000001
"VEN","Americas",2001,73.89650756,64.28686533,NA,9.60964223000001
"VEN","Americas",2002,74.25516144,64.53485426,NA,9.72030717999999
"VEN","Americas",2003,73.64690409,64.08972619,NA,9.55717790000001
"VEN","Americas",2004,74.41023981,64.68568169,NA,9.72455812
"VEN","Americas",2005,74.71197022,64.91907197,NA,9.79289824999999
"VEN","Americas",2006,74.69093059,64.8827072,NA,9.80822339
"VEN","Americas",2007,74.52946535,64.75499974,NA,9.77446560999999
"VEN","Americas",2008,74.27958667,64.57827418,NA,9.70131249000001
"VEN","Americas",2009,74.56885736,64.79852975,NA,9.77032761
"VEN","Americas",2010,74.662242,64.9072133,NA,9.75502870000001
"VEN","Americas",2011,74.58939214,64.86035308,NA,9.72903906
"VEN","Americas",2012,74.44482492,64.73062766,NA,9.71419726000001
"VEN","Americas",2013,74.60132769,64.8586885,NA,9.74263919
"VEN","Americas",2014,74.05573564,64.4898958,NA,9.56583984
"VEN","Americas",2015,73.93795547,64.38384139,NA,9.55411408
"VEN","Americas",2016,72.39034431,63.14309373,NA,9.24725058000001
"VEN","Americas",2017,72.98365736,63.60919369,NA,9.37446367
"VEN","Americas",2018,72.81771282,63.47802884,2.41691327,9.33968398
"VEN","Americas",2019,72.71401189,63.4012906,2.18563724,9.31272128999999
"VEN","Americas",2020,72.40374475,63.06178985,4.11615133,9.3419549
"VEN","Americas",2021,71.22082891,62.04615924,4.1022191,9.17466966999999
"AFG","Eastern Mediterranean",2000,53.82332641,46.02795049,NA,7.79537592
"AFG","Eastern Mediterranean",2001,53.91018761,46.11612077,NA,7.79406684
"AFG","Eastern Mediterranean",2002,55.15447775,47.18485205,9.44339085,7.9696257
"AFG","Eastern Mediterranean",2003,56.08520691,47.97795335,8.94125843,8.10725356
"AFG","Eastern Mediterranean",2004,56.47652053,48.32476083,9.80847359,8.1517597
"AFG","Eastern Mediterranean",2005,56.79050349,48.60924591,9.94828892,8.18125758
"AFG","Eastern Mediterranean",2006,56.992143,48.78661975,10.62276554,8.20552325
"AFG","Eastern Mediterranean",2007,57.2548387,49.00634401,9.90467453,8.24849469
"AFG","Eastern Mediterranean",2008,57.9008556,49.54812824,10.25649548,8.35272736
"AFG","Eastern Mediterranean",2009,58.52946588,50.07140251,9.81848717,8.45806337
"AFG","Eastern Mediterranean",2010,59.00377167,50.47166603,8.56967163,8.53210564
"AFG","Eastern Mediterranean",2011,59.54863714,50.93310189,8.56190777,8.61553524999999
"AFG","Eastern Mediterranean",2012,59.92210578,51.25516665,7.89716864,8.66693913
"AFG","Eastern Mediterranean",2013,60.43497705,51.69269492,8.80596447,8.74228213
"AFG","Eastern Mediterranean",2014,60.42859204,51.69511692,9.52887821,8.73347512
"AFG","Eastern Mediterranean",2015,60.32951348,51.61706961,10.10534763,8.71244387
"AFG","Eastern Mediterranean",2016,60.39366208,51.65871621,11.81859016,8.73494587
"AFG","Eastern Mediterranean",2017,60.8752198,52.04833652,12.62081718,8.82688328
"AFG","Eastern Mediterranean",2018,60.48797975,51.72087439,14.20841885,8.76710536
"AFG","Eastern Mediterranean",2019,61.22381311,52.30937005,14.83131981,8.91444306
"AFG","Eastern Mediterranean",2020,60.49099642,51.65582147,15.53361416,8.83517495
"AFG","Eastern Mediterranean",2021,59.12690224,50.44624351,21.50844383,8.68065873
"ARE","Eastern Mediterranean",2000,78.11838329,67.45345628,2.39504457,10.66492701
"ARE","Eastern Mediterranean",2001,78.27568092,67.55727191,2.48436403,10.71840901
"ARE","Eastern Mediterranean",2002,78.35124382,67.60954315,2.71770859,10.74170067
"ARE","Eastern Mediterranean",2003,78.5604186,67.74579149,2.64634395,10.81462711
"ARE","Eastern Mediterranean",2004,78.88949949,67.96096353,2.46225643,10.92853596
"ARE","Eastern Mediterranean",2005,79.38497277,68.29524509,2.3202107,11.08972768
"ARE","Eastern Mediterranean",2006,80.09096187,68.77331134,2.3254137,11.31765053
"ARE","Eastern Mediterranean",2007,80.5952165,69.11095061,2.56602693,11.48426589
"ARE","Eastern Mediterranean",2008,80.7993244,69.25180552,2.92857623,11.54751888
"ARE","Eastern Mediterranean",2009,80.73659279,69.18943128,4.05000162,11.54716151
"ARE","Eastern Mediterranean",2010,80.45344335,68.99058021,3.74433136,11.46286314
"ARE","Eastern Mediterranean",2011,80.25767057,68.87477264,3.56666398,11.38289793
"ARE","Eastern Mediterranean",2012,80.30618497,68.91491814,3.33596373,11.39126683
"ARE","Eastern Mediterranean",2013,80.56393138,69.0866452,3.50222182,11.47728618
"ARE","Eastern Mediterranean",2014,80.64754288,69.15068583,3.53405499,11.49685705
"ARE","Eastern Mediterranean",2015,80.71356774,69.19646165,3.46609354,11.51710609
"ARE","Eastern Mediterranean",2016,80.78348374,69.2372599,3.89580107,11.54622384
"ARE","Eastern Mediterranean",2017,80.92702059,69.33998282,4.00854969,11.58703777
"ARE","Eastern Mediterranean",2018,81.16639668,69.51205887,4.09854221,11.65433781
"ARE","Eastern Mediterranean",2019,81.41096307,69.6863442,4.40291262,11.72461887
"ARE","Eastern Mediterranean",2020,80.1312721,68.60732431,5.82477045,11.52394779
"ARE","Eastern Mediterranean",2021,78.30645695,67.27370093,5.30494308,11.03275602
"BHR","Eastern Mediterranean",2000,69.68563925,61.05394568,3.20020556,8.63169357
"BHR","Eastern Mediterranean",2001,70.36971635,61.59633053,3.3434751,8.77338582
"BHR","Eastern Mediterranean",2002,70.59694491,61.77012696,3.52897096,8.82681795000001
"BHR","Eastern Mediterranean",2003,70.65076259,61.82934976,3.72810912,8.82141283
"BHR","Eastern Mediterranean",2004,70.9253368,62.06049194,3.35499287,8.86484486
"BHR","Eastern Mediterranean",2005,71.32084892,62.37565116,3.12594414,8.94519776000001
"BHR","Eastern Mediterranean",2006,71.69627417,62.65680001,2.98138189,9.03947416
"BHR","Eastern Mediterranean",2007,72.38722676,63.19820666,3.16071057,9.18902010000001
"BHR","Eastern Mediterranean",2008,72.89097198,63.58789494,3.07321215,9.30307704
"BHR","Eastern Mediterranean",2009,73.40666919,63.97707717,4.15054226,9.42959202
"BHR","Eastern Mediterranean",2010,73.86198294,64.31575026,3.92259479,9.54623268
"BHR","Eastern Mediterranean",2011,74.19533253,64.54082046,3.7181015,9.65451207
"BHR","Eastern Mediterranean",2012,74.57322126,64.79778525,3.95061135,9.77543600999999
"BHR","Eastern Mediterranean",2013,75.02710867,65.10788255,4.14491081,9.91922612
"BHR","Eastern Mediterranean",2014,75.64496177,65.52073739,4.2369051,10.12422438
"BHR","Eastern Mediterranean",2015,75.75082454,65.59805164,4.75126362,10.1527729
"BHR","Eastern Mediterranean",2016,75.65906707,65.54757769,4.62360859,10.11148938
"BHR","Eastern Mediterranean",2017,75.71095601,65.58817817,4.30236721,10.12277784
"BHR","Eastern Mediterranean",2018,75.93620907,65.74499164,3.94324946,10.19121743
"BHR","Eastern Mediterranean",2019,76.02945447,65.79860929,3.78430986,10.23084518
"BHR","Eastern Mediterranean",2020,74.85398109,64.72649179,4.55685711,10.1274893
"BHR","Eastern Mediterranean",2021,74.38371772,64.23784447,4.32771444,10.14587325
"DJI","Eastern Mediterranean",2000,59.51993524,52.36549948,3.39641857,7.15443576
"DJI","Eastern Mediterranean",2001,59.48459433,52.33571408,3.1960845,7.14888025
"DJI","Eastern Mediterranean",2002,59.49469647,52.35405668,3.75243783,7.14063979
"DJI","Eastern Mediterranean",2003,59.65312998,52.48955933,4.27048731,7.16357065
"DJI","Eastern Mediterranean",2004,59.74871021,52.58421196,3.53544688,7.16449825
"DJI","Eastern Mediterranean",2005,60.0931017,52.8806216,3.80321956,7.2124801
"DJI","Eastern Mediterranean",2006,60.21901234,53.00593335,4.21972466,7.21307899
"DJI","Eastern Mediterranean",2007,60.99155224,53.67415938,4.05262756,7.31739286
"DJI","Eastern Mediterranean",2008,61.38655907,54.036812,3.6125772,7.34974707
"DJI","Eastern Mediterranean",2009,61.71487892,54.34782781,3.63905573,7.36705111
"DJI","Eastern Mediterranean",2010,62.01403181,54.63179732,3.35699701,7.38223449
"DJI","Eastern Mediterranean",2011,62.33627596,54.9337524,3.37387872,7.40252356
"DJI","Eastern Mediterranean",2012,62.75529104,55.29960717,3.29730988,7.45568387
"DJI","Eastern Mediterranean",2013,63.13924805,55.6402772,2.91782117,7.49897085
"DJI","Eastern Mediterranean",2014,63.51525954,55.97503634,2.95930099,7.5402232
"DJI","Eastern Mediterranean",2015,63.87735947,56.29937022,3.3475771,7.57798925
"DJI","Eastern Mediterranean",2016,64.3388502,56.69370971,2.74166131,7.64514049
"DJI","Eastern Mediterranean",2017,64.73030842,57.02248494,2.47976375,7.70782348
"DJI","Eastern Mediterranean",2018,65.12011598,57.34659426,2.530864,7.77352171999999
"DJI","Eastern Mediterranean",2019,65.43875202,57.61308429,2.41347837,7.82566772999999
"DJI","Eastern Mediterranean",2020,65.26548162,57.39405398,2.33861232,7.87142764
"DJI","Eastern Mediterranean",2021,64.87227149,56.99236604,2.87128091,7.87990545
"EGY","Eastern Mediterranean",2000,69.14860157,60.41771928,4.92244291,8.73088229
"EGY","Eastern Mediterranean",2001,68.84530776,60.23372333,5.40030336,8.61158443
"EGY","Eastern Mediterranean",2002,68.85252001,60.2818549,5.5107379,8.57066511000001
"EGY","Eastern Mediterranean",2003,68.78353005,60.27414769,5.2242527,8.50938236
"EGY","Eastern Mediterranean",2004,69.18228637,60.59580932,4.85732365,8.58647705
"EGY","Eastern Mediterranean",2005,69.52274009,60.87111776,4.92229176,8.65162233
"EGY","Eastern Mediterranean",2006,69.56785371,60.91773726,4.84190083,8.65011644999999
"EGY","Eastern Mediterranean",2007,69.74814425,61.0682997,4.44493246,8.67984455
"EGY","Eastern Mediterranean",2008,69.77109335,61.09264897,4.46634817,8.67844438
"EGY","Eastern Mediterranean",2009,69.78931749,61.10921629,4.37870932,8.6801012
"EGY","Eastern Mediterranean",2010,69.83444177,61.14776461,4.15319157,8.68667716
"EGY","Eastern Mediterranean",2011,70.08390953,61.33617475,4.35707569,8.74773478
"EGY","Eastern Mediterranean",2012,69.82990211,61.17590333,4.45891809,8.65399878000001
"EGY","Eastern Mediterranean",2013,70.47150621,61.64640736,4.6710043,8.82509885
"EGY","Eastern Mediterranean",2014,70.46262161,61.6640754,4.77415323,8.79854621
"EGY","Eastern Mediterranean",2015,70.05641038,61.38030028,5.06153202,8.6761101
"EGY","Eastern Mediterranean",2016,70.7024138,61.85872841,5.07462406,8.84368539
"EGY","Eastern Mediterranean",2017,71.25138812,62.269496,5.34661913,8.98189212
"EGY","Eastern Mediterranean",2018,71.35791195,62.35035845,4.74892998,9.0075535
"EGY","Eastern Mediterranean",2019,71.58973358,62.51960396,4.5994668,9.07012962
"EGY","Eastern Mediterranean",2020,70.12068297,61.18860664,4.15384626,8.93207633
"EGY","Eastern Mediterranean",2021,69.10821615,60.36317424,4.60955143,8.74504191
"IRN","Eastern Mediterranean",2000,73.48542569,63.22964711,4.72250843,10.25577858
"IRN","Eastern Mediterranean",2001,73.7597003,63.44761668,5.16087341,10.31208362
"IRN","Eastern Mediterranean",2002,74.01828515,63.64417792,4.65182209,10.37410723
"IRN","Eastern Mediterranean",2003,73.34953209,63.0872877,4.95589161,10.26224439
"IRN","Eastern Mediterranean",2004,74.56900109,64.0473845,5.12801409,10.52161659
"IRN","Eastern Mediterranean",2005,74.88504507,64.28620906,5.29996157,10.59883601
"IRN","Eastern Mediterranean",2006,75.20305104,64.51941296,5.15990877,10.68363808
"IRN","Eastern Mediterranean",2007,75.56586174,64.77156026,4.91188192,10.79430148
"IRN","Eastern Mediterranean",2008,75.92719356,65.01790199,5.03990459,10.90929157
"IRN","Eastern Mediterranean",2009,76.24197751,65.23975406,6.11493444,11.00222345
"IRN","Eastern Mediterranean",2010,76.56624741,65.48195277,6.29153061,11.08429464
"IRN","Eastern Mediterranean",2011,76.87171379,65.71720531,6.09787989,11.15450848
"IRN","Eastern Mediterranean",2012,77.0924022,65.88940594,6.12235355,11.20299626
"IRN","Eastern Mediterranean",2013,77.19669632,65.98309878,5.73697805,11.21359754
"IRN","Eastern Mediterranean",2014,77.29855084,66.0754047,6.81539536,11.22314614
"IRN","Eastern Mediterranean",2015,77.27827213,66.08471434,8.38232708,11.19355779
"IRN","Eastern Mediterranean",2016,77.37336206,66.18348759,7.80285025,11.18987447
"IRN","Eastern Mediterranean",2017,77.47896726,66.28954725,7.71801233,11.18942001
"IRN","Eastern Mediterranean",2018,77.69013655,66.46614124,6.63571692,11.22399531
"IRN","Eastern Mediterranean",2019,77.78361908,66.55531232,6.23426771,11.22830676
"IRN","Eastern Mediterranean",2020,75.18860837,64.4649699,4.96098137,10.72363847
"IRN","Eastern Mediterranean",2021,74.71077692,63.97515583,4.85886621,10.73562109
"IRQ","Eastern Mediterranean",2000,69.48152045,59.6863025,NA,9.79521795000001
"IRQ","Eastern Mediterranean",2001,69.81029867,59.95353964,NA,9.85675902999999
"IRQ","Eastern Mediterranean",2002,70.04461594,60.15271994,NA,9.891896
"IRQ","Eastern Mediterranean",2003,68.91366628,59.21287393,2.99693608,9.70079235
"IRQ","Eastern Mediterranean",2004,69.06294468,59.32762452,3.90128636,9.73532016
"IRQ","Eastern Mediterranean",2005,68.68305138,59.00025827,3.01704645,9.68279310999999
"IRQ","Eastern Mediterranean",2006,67.66517621,58.12454925,2.49370432,9.54062696
"IRQ","Eastern Mediterranean",2007,67.80830577,58.23293827,3.2148056,9.57536750000001
"IRQ","Eastern Mediterranean",2008,69.80976267,59.9017521,3.06604242,9.90801057
"IRQ","Eastern Mediterranean",2009,70.61725364,60.57629975,3.77203989,10.04095389
"IRQ","Eastern Mediterranean",2010,71.06507591,60.95039839,3.23955345,10.11467752
"IRQ","Eastern Mediterranean",2011,71.39863224,61.22202479,2.80316377,10.17660745
"IRQ","Eastern Mediterranean",2012,71.6393156,61.40384556,2.69365859,10.23547004
"IRQ","Eastern Mediterranean",2013,71.2340952,61.03774483,2.80868459,10.19635037
"IRQ","Eastern Mediterranean",2014,70.22637913,60.17032351,2.78786659,10.05605562
"IRQ","Eastern Mediterranean",2015,71.00605468,60.79073957,3.15587044,10.21531511
"IRQ","Eastern Mediterranean",2016,71.1253103,60.86846596,4.57253027,10.25684434
"IRQ","Eastern Mediterranean",2017,71.60611249,61.24935501,4.08944416,10.35675748
"IRQ","Eastern Mediterranean",2018,73.06286041,62.48899459,4.07600641,10.57386582
"IRQ","Eastern Mediterranean",2019,72.90009776,62.40584079,4.207232,10.49425697
"IRQ","Eastern Mediterranean",2020,70.41410059,60.33154765,5.72766161,10.08255294
"IRQ","Eastern Mediterranean",2021,71.46632369,61.0158187,5.14179993,10.45050499
"JOR","Eastern Mediterranean",2000,72.72227433,63.24575244,9.34367943,9.47652189000001
"JOR","Eastern Mediterranean",2001,72.6802332,63.23595704,9.57236385,9.44427616
"JOR","Eastern Mediterranean",2002,72.9283168,63.42740209,9.2786417,9.50091471
"JOR","Eastern Mediterranean",2003,73.51735567,63.8448619,8.78901005,9.67249377
"JOR","Eastern Mediterranean",2004,73.56285182,63.89301448,8.74670506,9.66983734000001
"JOR","Eastern Mediterranean",2005,73.42688191,63.815429,8.49441624,9.61145291
"JOR","Eastern Mediterranean",2006,73.85308999,64.15087366,7.67925692,9.70221633
"JOR","Eastern Mediterranean",2007,74.97453582,64.93175709,7.90982628,10.04277873
"JOR","Eastern Mediterranean",2008,75.81217115,65.50415129,8.48880577,10.30801986
"JOR","Eastern Mediterranean",2009,76.34651794,65.88205437,9.22396946,10.46446357
"JOR","Eastern Mediterranean",2010,76.68909265,66.13001362,8.17025661,10.55907903
"JOR","Eastern Mediterranean",2011,76.9077149,66.29735017,8.14807701,10.61036473
"JOR","Eastern Mediterranean",2012,77.13092988,66.46730966,7.81799555,10.66362022
"JOR","Eastern Mediterranean",2013,77.52470069,66.77713628,7.16592407,10.74756441
"JOR","Eastern Mediterranean",2014,77.96984738,67.1272554,7.20892906,10.84259198
"JOR","Eastern Mediterranean",2015,78.50941007,67.50976197,7.4609561,10.9996481
"JOR","Eastern Mediterranean",2016,78.7600732,67.67141844,6.97644138,11.08865476
"JOR","Eastern Mediterranean",2017,79.14251842,67.93338372,7.10953665,11.2091347
"JOR","Eastern Mediterranean",2018,79.63154866,68.26747148,6.98295021,11.36407718
"JOR","Eastern Mediterranean",2019,79.7854181,68.3615608,7.07244635,11.4238573
"JOR","Eastern Mediterranean",2020,77.55988721,66.65636387,7.54554749,10.90352334
"JOR","Eastern Mediterranean",2021,75.64973596,65.06663803,7.69733906,10.58309793
"KWT","Eastern Mediterranean",2000,77.57714875,67.25266351,2.20362997,10.32448524
"KWT","Eastern Mediterranean",2001,78.81293796,68.14366554,3.18719625,10.66927242
"KWT","Eastern Mediterranean",2002,78.20659931,67.66992206,3.12441754,10.53667725
"KWT","Eastern Mediterranean",2003,78.76242947,68.04399762,2.76042604,10.71843185
"KWT","Eastern Mediterranean",2004,78.50276726,67.81582715,2.35702467,10.68694011
"KWT","Eastern Mediterranean",2005,78.37752584,67.69652838,2.013309,10.68099746
"KWT","Eastern Mediterranean",2006,78.57389835,67.80679399,1.8213098,10.76710436
"KWT","Eastern Mediterranean",2007,79.05909554,68.11868274,1.92673647,10.9404128
"KWT","Eastern Mediterranean",2008,78.26367194,67.49421538,1.92400301,10.76945656
"KWT","Eastern Mediterranean",2009,79.20188159,68.12686445,2.70638776,11.07501714
"KWT","Eastern Mediterranean",2010,80.49475441,69.0397916,2.67879915,11.45496281
"KWT","Eastern Mediterranean",2011,81.44805413,69.70496446,2.33303547,11.74308967
"KWT","Eastern Mediterranean",2012,81.34259433,69.62826452,2.33311439,11.71432981
"KWT","Eastern Mediterranean",2013,81.73672815,69.91824623,2.48789287,11.81848192
"KWT","Eastern Mediterranean",2014,81.88077916,70.02897871,2.9159987,11.85180045
"KWT","Eastern Mediterranean",2015,81.44722022,69.74728908,4.21497965,11.69993114
"KWT","Eastern Mediterranean",2016,82.54800559,70.54297775,4.73096323,12.00502784
"KWT","Eastern Mediterranean",2017,82.62315795,70.57809747,4.65326786,12.04506048
"KWT","Eastern Mediterranean",2018,82.93662831,70.79981473,5.17201853,12.13681358
"KWT","Eastern Mediterranean",2019,82.50221054,70.47654159,5.18200397,12.02566895
"KWT","Eastern Mediterranean",2020,78.76948984,67.66835431,6.11295223,11.10113553
"KWT","Eastern Mediterranean",2021,78.95211671,67.78423277,5.37273169,11.16788394
"LBN","Eastern Mediterranean",2000,75.71500924,64.99691555,10.82951355,10.71809369
"LBN","Eastern Mediterranean",2001,76.1562609,65.33436931,10.56254768,10.82189159
"LBN","Eastern Mediterranean",2002,76.55400992,65.62923342,9.28233719,10.9247765
"LBN","Eastern Mediterranean",2003,76.80310121,65.81209418,8.67109871,10.99100703
"LBN","Eastern Mediterranean",2004,77.0970413,66.03128505,7.99923086,11.06575625
"LBN","Eastern Mediterranean",2005,77.17133641,66.08570474,7.54867649,11.08563167
"LBN","Eastern Mediterranean",2006,76.79700172,65.74611499,8.66057873,11.05088673
"LBN","Eastern Mediterranean",2007,77.46682627,66.26338511,8.55984211,11.20344116
"LBN","Eastern Mediterranean",2008,77.52542218,66.26662207,7.81751728,11.25880011
"LBN","Eastern Mediterranean",2009,77.79033646,66.44318659,7.0073576,11.34714987
"LBN","Eastern Mediterranean",2010,77.96731586,66.5550615,7.43864489,11.41225436
"LBN","Eastern Mediterranean",2011,77.97377185,66.55678241,8.17744446,11.41698944
"LBN","Eastern Mediterranean",2012,78.05803939,66.60195663,7.00420094,11.45608276
"LBN","Eastern Mediterranean",2013,78.16479469,66.66918064,7.06742191,11.49561405
"LBN","Eastern Mediterranean",2014,78.22558226,66.6925659,7.52191401,11.53301636
"LBN","Eastern Mediterranean",2015,78.43741249,66.82724309,7.41596651,11.6101694
"LBN","Eastern Mediterranean",2016,78.81840788,67.09517676,7.92344952,11.72323112
"LBN","Eastern Mediterranean",2017,79.03043282,67.24054294,7.80357552,11.78988988
"LBN","Eastern Mediterranean",2018,79.36847038,67.49267452,8.07031727,11.87579586
"LBN","Eastern Mediterranean",2019,79.28679608,67.40532045,8.68533897,11.88147563
"LBN","Eastern Mediterranean",2020,77.70116098,66.00251747,7.48221779,11.69864351
"LBN","Eastern Mediterranean",2021,74.34207035,63.21642704,4.40006208,11.12564331
"LBY","Eastern Mediterranean",2000,74.0447285,64.22565413,3.31908512,9.81907437000001
"LBY","Eastern Mediterranean",2001,73.7423441,63.99109519,3.92571616,9.75124890999999
"LBY","Eastern Mediterranean",2002,73.4501765,63.76001386,4.73818302,9.69016264
"LBY","Eastern Mediterranean",2003,73.51059338,63.7837625,3.97301245,9.72683088
"LBY","Eastern Mediterranean",2004,73.84878468,64.02027585,3.38328195,9.82850882999999
"LBY","Eastern Mediterranean",2005,74.01467345,64.13350202,2.51707149,9.88117143000001
"LBY","Eastern Mediterranean",2006,74.61102298,64.55093188,2.29996443,10.0600911
"LBY","Eastern Mediterranean",2007,74.50020642,64.43103384,2.41929626,10.06917258
"LBY","Eastern Mediterranean",2008,74.20131986,64.16983937,2.24441886,10.03148049
"LBY","Eastern Mediterranean",2009,74.13441802,64.08836026,3.5828805,10.04605776
"LBY","Eastern Mediterranean",2010,74.11333,64.0493003,3.28064442,10.0640297
"LBY","Eastern Mediterranean",2011,71.43952101,61.77048815,4.01902008,9.66903286000001
"LBY","Eastern Mediterranean",2012,73.92406847,63.83117625,3.95612097,10.09289222
"LBY","Eastern Mediterranean",2013,74.21873286,64.06337146,4.97548628,10.1553614
"LBY","Eastern Mediterranean",2014,72.6011445,62.71072653,5.17777824,9.89041797
"LBY","Eastern Mediterranean",2015,72.65332031,62.73375223,5.80638647,9.91956808
"LBY","Eastern Mediterranean",2016,72.63664308,62.7025986,6.17178679,9.93404448
"LBY","Eastern Mediterranean",2017,73.15169822,63.11142666,4.67685318,10.04027156
"LBY","Eastern Mediterranean",2018,73.52909525,63.38910638,4.86648417,10.13998887
"LBY","Eastern Mediterranean",2019,73.54365475,63.35601233,5.54773426,10.18764242
"LBY","Eastern Mediterranean",2020,72.64874878,62.53292105,7.10674047,10.11582773
"LBY","Eastern Mediterranean",2021,72.17844009,62.05697061,6.05457449,10.12146948
"MAR","Eastern Mediterranean",2000,70.19460372,60.68542085,3.69304585,9.50918287
"MAR","Eastern Mediterranean",2001,70.45857649,60.89224826,3.81601191,9.56632823
"MAR","Eastern Mediterranean",2002,70.73932756,61.10275701,4.06117535,9.63657055000001
"MAR","Eastern Mediterranean",2003,70.88040999,61.20677171,4.08037519,9.67363828000001
"MAR","Eastern Mediterranean",2004,71.03043411,61.32172923,4.23211098,9.70870488
"MAR","Eastern Mediterranean",2005,71.23383994,61.48318081,4.37350655,9.75065913
"MAR","Eastern Mediterranean",2006,71.42901619,61.64298152,4.56586647,9.78603467
"MAR","Eastern Mediterranean",2007,71.60883866,61.79491119,4.80759001,9.81392747
"MAR","Eastern Mediterranean",2008,71.88491111,62.01815208,4.83789158,9.86675903
"MAR","Eastern Mediterranean",2009,72.16145438,62.24419256,5.27312183,9.91726181999999
"MAR","Eastern Mediterranean",2010,72.37286998,62.41794895,5.41861057,9.95492103
"MAR","Eastern Mediterranean",2011,72.57738576,62.59007784,5.37019396,9.98730792
"MAR","Eastern Mediterranean",2012,72.78046277,62.76038495,5.39619017,10.02007782
"MAR","Eastern Mediterranean",2013,72.96566532,62.92437652,5.25540543,10.0412888
"MAR","Eastern Mediterranean",2014,73.12038211,63.0611931,5.41626596,10.05918901
"MAR","Eastern Mediterranean",2015,73.26259745,63.18479871,5.10435581,10.07779874
"MAR","Eastern Mediterranean",2016,73.4071743,63.31096438,5.09203386,10.09620992
"MAR","Eastern Mediterranean",2017,73.53352195,63.42348432,4.98920393,10.11003763
"MAR","Eastern Mediterranean",2018,73.60592779,63.48830859,4.94516659,10.1176192
"MAR","Eastern Mediterranean",2019,73.7488551,63.59750282,5.020401,10.15135228
"MAR","Eastern Mediterranean",2020,72.50615909,62.38086268,5.78939486,10.12529641
"MAR","Eastern Mediterranean",2021,72.61868352,62.33965438,5.45314503,10.27902914
"OMN","Eastern Mediterranean",2000,71.65888476,62.54033516,2.68485427,9.11854960000001
"OMN","Eastern Mediterranean",2001,72.18472491,62.92436603,2.70073724,9.26035888
"OMN","Eastern Mediterranean",2002,72.45728033,63.11882334,2.77737164,9.33845699
"OMN","Eastern Mediterranean",2003,72.75427676,63.33276228,2.77524447,9.42151448
"OMN","Eastern Mediterranean",2004,73.14911872,63.60883925,2.59660101,9.54027947
"OMN","Eastern Mediterranean",2005,73.361458,63.77750306,2.26479053,9.58395494
"OMN","Eastern Mediterranean",2006,73.46705832,63.87008631,2.01985121,9.59697201000001
"OMN","Eastern Mediterranean",2007,73.4022288,63.83161835,2.11371112,9.57061045
"OMN","Eastern Mediterranean",2008,73.35031827,63.82111067,1.75567567,9.5292076
"OMN","Eastern Mediterranean",2009,73.06401823,63.64474345,2.4694581,9.41927478
"OMN","Eastern Mediterranean",2010,73.02000136,63.64816252,2.47588587,9.37183884
"OMN","Eastern Mediterranean",2011,73.21785366,63.85392102,2.23611403,9.36393264
"OMN","Eastern Mediterranean",2012,73.59906631,64.18773593,2.27702832,9.41133038
"OMN","Eastern Mediterranean",2013,73.91615999,64.46123749,2.5054009,9.4549225
"OMN","Eastern Mediterranean",2014,73.9416621,64.51188307,3.13740134,9.42977903000001
"OMN","Eastern Mediterranean",2015,73.77326508,64.42551814,4.07826233,9.34774694000001
"OMN","Eastern Mediterranean",2016,73.72044163,64.41967872,4.17580843,9.30076291
"OMN","Eastern Mediterranean",2017,74.14573276,64.74120332,3.95418668,9.40452944
"OMN","Eastern Mediterranean",2018,74.96470035,65.31589995,3.21469474,9.6488004
"OMN","Eastern Mediterranean",2019,75.28986006,65.53234464,3.80648994,9.75751541999999
"OMN","Eastern Mediterranean",2020,73.88668102,64.39727651,5.11922932,9.48940451
"OMN","Eastern Mediterranean",2021,72.47676726,63.19164799,4.34468651,9.28511927
"PAK","Eastern Mediterranean",2000,61.40857442,53.19156373,2.48079324,8.21701069
"PAK","Eastern Mediterranean",2001,61.67754226,53.417449,2.33959723,8.26009326
"PAK","Eastern Mediterranean",2002,61.92897932,53.63142518,2.42219901,8.29755414
"PAK","Eastern Mediterranean",2003,62.14630981,53.81992355,2.10399199,8.32638626
"PAK","Eastern Mediterranean",2004,62.44387744,54.07025003,2.03666282,8.37362741
"PAK","Eastern Mediterranean",2005,61.99158191,53.69932115,2.37323904,8.29226076
"PAK","Eastern Mediterranean",2006,63.07149815,54.57058266,2.73132491,8.50091549
"PAK","Eastern Mediterranean",2007,63.38445782,54.8255717,2.62370729,8.55888612
"PAK","Eastern Mediterranean",2008,63.66141289,55.05464327,2.56806731,8.60676962
"PAK","Eastern Mediterranean",2009,63.92267166,55.26699735,2.49995875,8.65567431
"PAK","Eastern Mediterranean",2010,64.14819561,55.44776481,2.42967653,8.7004308
"PAK","Eastern Mediterranean",2011,64.54188869,55.7744433,2.23121333,8.76744538999999
"PAK","Eastern Mediterranean",2012,64.82124843,56.00246058,2.22185278,8.81878785
"PAK","Eastern Mediterranean",2013,65.10777782,56.24332347,2.4164784,8.86445435
"PAK","Eastern Mediterranean",2014,65.39254995,56.48168867,2.48899078,8.91086128000001
"PAK","Eastern Mediterranean",2015,65.69975806,56.73625879,2.49493265,8.96349926999999
"PAK","Eastern Mediterranean",2016,66.05197225,57.0219116,2.57026362,9.03006065
"PAK","Eastern Mediterranean",2017,66.3818317,57.28051479,2.7863009,9.10131691000001
"PAK","Eastern Mediterranean",2018,66.73689511,57.56252081,2.82844949,9.1743743
"PAK","Eastern Mediterranean",2019,67.02931501,57.80361075,2.84736943,9.22570426000001
"PAK","Eastern Mediterranean",2020,65.84948383,56.86688688,2.95273018,8.98259694999999
"PAK","Eastern Mediterranean",2021,65.99092295,56.89014881,2.99015832,9.10077414
"PSE","Eastern Mediterranean",2000,69.88946674,60.57241125,9.46541214,9.31705549
"PSE","Eastern Mediterranean",2001,69.33250971,60.08415522,10.3154583,9.24835449
"PSE","Eastern Mediterranean",2002,68.63142308,59.47527558,11.04674053,9.1561475
"PSE","Eastern Mediterranean",2003,69.63177214,60.29377545,9.55897141,9.33799669
"PSE","Eastern Mediterranean",2004,69.48491624,60.15738532,11.37928772,9.32753092
"PSE","Eastern Mediterranean",2005,70.5600974,61.04579287,10.99557114,9.51430453
"PSE","Eastern Mediterranean",2006,69.22549809,59.89911728,10.50240231,9.32638081
"PSE","Eastern Mediterranean",2007,70.80594736,61.20151559,9.58784008,9.60443177
"PSE","Eastern Mediterranean",2008,68.97864967,59.62506717,10.52610016,9.3535825
"PSE","Eastern Mediterranean",2009,69.43075818,59.96402994,10.76468372,9.46672824
"PSE","Eastern Mediterranean",2010,72.64524424,62.65434089,9.10499382,9.99090335
"PSE","Eastern Mediterranean",2011,72.78320408,62.76274069,11.34622478,10.02046339
"PSE","Eastern Mediterranean",2012,73.09729954,62.98233003,10.30110455,10.11496951
"PSE","Eastern Mediterranean",2013,74.20101603,63.87967297,10.44874382,10.32134306
"PSE","Eastern Mediterranean",2014,74.19704282,63.8697145,9.92015553,10.32732832
"PSE","Eastern Mediterranean",2015,74.56005234,64.19690616,9.28473282,10.36314618
"PSE","Eastern Mediterranean",2016,74.99064876,64.53354467,9.0039854,10.45710409
"PSE","Eastern Mediterranean",2017,75.45369565,64.89038376,9.1223526,10.56331189
"PSE","Eastern Mediterranean",2018,75.71172174,65.08729377,9.65617657,10.62442797
"PSE","Eastern Mediterranean",2019,75.83098235,65.19040807,9.18576908,10.64057428
"PSE","Eastern Mediterranean",2020,75.1341365,64.44753067,10.27610207,10.68660583
"PSE","Eastern Mediterranean",2021,73.49178033,62.9346352,10.4347353,10.55714513
"QAT","Eastern Mediterranean",2000,70.38243907,61.7637036,1.97258496,8.61873547
"QAT","Eastern Mediterranean",2001,70.31526721,61.71389676,2.3197093,8.60137045
"QAT","Eastern Mediterranean",2002,70.33186981,61.7351751,2.46044064,8.59669471
"QAT","Eastern Mediterranean",2003,70.55987989,61.91507812,3.50257182,8.64480177000001
"QAT","Eastern Mediterranean",2004,70.84074247,62.11575411,3.18311739,8.72498836
"QAT","Eastern Mediterranean",2005,71.03950228,62.27512835,2.56300044,8.76437392999999
"QAT","Eastern Mediterranean",2006,71.48490844,62.65115772,2.288064,8.83375072
"QAT","Eastern Mediterranean",2007,71.89910857,63.00842257,2.07008052,8.890686
"QAT","Eastern Mediterranean",2008,72.36968987,63.38515613,1.63775349,8.98453374
"QAT","Eastern Mediterranean",2009,72.77133296,63.68565084,2.38356304,9.08568211999999
"QAT","Eastern Mediterranean",2010,73.45657467,64.1775395,1.87017763,9.27903517
"QAT","Eastern Mediterranean",2011,74.27799506,64.75578356,1.599962,9.5222115
"QAT","Eastern Mediterranean",2012,74.98566602,65.25128258,1.74822152,9.73438344
"QAT","Eastern Mediterranean",2013,75.79521614,65.81296662,2.07620168,9.98224952
"QAT","Eastern Mediterranean",2014,76.57011341,66.36270725,2.42293572,10.20740616
"QAT","Eastern Mediterranean",2015,77.79140376,67.21861765,3.63581347,10.57278611
"QAT","Eastern Mediterranean",2016,78.22428304,67.51544324,3.54971433,10.7088398
"QAT","Eastern Mediterranean",2017,78.5144035,67.69867889,3.21237087,10.81572461
"QAT","Eastern Mediterranean",2018,78.6332828,67.75660607,2.96176219,10.87667673
"QAT","Eastern Mediterranean",2019,78.89595906,67.91358871,3.18468714,10.98237035
"QAT","Eastern Mediterranean",2020,77.27588364,66.63596177,3.81872201,10.63992187
"QAT","Eastern Mediterranean",2021,76.7101384,66.20630321,2.8927927,10.50383519
"SAU","Eastern Mediterranean",2000,70.56634565,61.20842895,4.2115941,9.3579167
"SAU","Eastern Mediterranean",2001,70.80307838,61.41590726,4.46173573,9.38717112
"SAU","Eastern Mediterranean",2002,71.0757645,61.65257427,4.2493763,9.42319023
"SAU","Eastern Mediterranean",2003,71.30662801,61.85381898,3.97909737,9.45280903
"SAU","Eastern Mediterranean",2004,71.6044008,62.1001304,3.58400965,9.5042704
"SAU","Eastern Mediterranean",2005,71.81634573,62.27899666,3.4186728,9.53734907
"SAU","Eastern Mediterranean",2006,72.03628203,62.44706361,3.61922002,9.58921842
"SAU","Eastern Mediterranean",2007,72.35473902,62.66456167,3.56229162,9.69017735
"SAU","Eastern Mediterranean",2008,72.99776938,63.12107915,2.97100711,9.87669022999999
"SAU","Eastern Mediterranean",2009,73.90009021,63.76993156,4.29042768,10.13015865
"SAU","Eastern Mediterranean",2010,74.89591575,64.49872805,3.64786148,10.3971877
"SAU","Eastern Mediterranean",2011,76.13164239,65.41226624,3.68218255,10.71937615
"SAU","Eastern Mediterranean",2012,77.02520885,66.08023269,3.98779845,10.94497616
"SAU","Eastern Mediterranean",2013,77.33139242,66.34698448,4.42293596,10.98440794
"SAU","Eastern Mediterranean",2014,77.22323995,66.31872362,5.15800905,10.90451633
"SAU","Eastern Mediterranean",2015,76.88889936,66.11974101,5.8620224,10.76915835
"SAU","Eastern Mediterranean",2016,76.75114086,66.0496425,6.24142838,10.70149836
"SAU","Eastern Mediterranean",2017,76.74293531,66.04917171,6.03126049,10.6937636
"SAU","Eastern Mediterranean",2018,76.81092084,66.08239188,5.34063101,10.72852896
"SAU","Eastern Mediterranean",2019,76.93147355,66.15306557,5.46743011,10.77840798
"SAU","Eastern Mediterranean",2020,76.05844679,65.28925386,6.64630127,10.76919293
"SAU","Eastern Mediterranean",2021,76.42921259,65.64451254,5.93033648,10.78470005
"SDN","Eastern Mediterranean",2000,62.48898469,54.13362298,3.60664487,8.35536171
"SDN","Eastern Mediterranean",2001,62.9787096,54.54317315,3.36456871,8.43553645
"SDN","Eastern Mediterranean",2002,63.22443726,54.7524185,3.30010891,8.47201876
"SDN","Eastern Mediterranean",2003,63.67737719,55.1347936,3.89187932,8.54258359
"SDN","Eastern Mediterranean",2004,63.6815858,55.13443535,4.15593481,8.54715045
"SDN","Eastern Mediterranean",2005,64.87410418,56.14688318,4.09418154,8.727221
"SDN","Eastern Mediterranean",2006,65.28684508,56.49565123,4.88544321,8.79119385000001
"SDN","Eastern Mediterranean",2007,65.760154,56.90117492,5.66269159,8.85897908
"SDN","Eastern Mediterranean",2008,66.10814996,57.19769068,5.42313576,8.91045928
"SDN","Eastern Mediterranean",2009,66.44393468,57.48991561,6.39496326,8.95401907
"SDN","Eastern Mediterranean",2010,66.94489813,57.91400493,5.05810165,9.0308932
"SDN","Eastern Mediterranean",2011,67.06889355,58.0264854,5.61579561,9.04240815
"SDN","Eastern Mediterranean",2012,67.58268855,58.46869611,5.68827009,9.11399244
"SDN","Eastern Mediterranean",2013,67.75900519,58.63423862,6.96487474,9.12476657
"SDN","Eastern Mediterranean",2014,68.08985985,58.9279384,5.67619705,9.16192144999999
"SDN","Eastern Mediterranean",2015,68.32706556,59.13617363,5.81112576,9.19089192999999
"SDN","Eastern Mediterranean",2016,68.65126932,59.41058361,5.68438482,9.24068570999999
"SDN","Eastern Mediterranean",2017,69.04016145,59.74432543,5.91767406,9.29583602
"SDN","Eastern Mediterranean",2018,69.24813878,59.92293438,4.46172857,9.3252044
"SDN","Eastern Mediterranean",2019,69.46506253,60.11280371,4.59967566,9.35225882
"SDN","Eastern Mediterranean",2020,68.44077001,59.14611015,3.04323435,9.29465986
"SDN","Eastern Mediterranean",2021,67.58515204,58.53978678,2.9669323,9.04536526
"SOM","Eastern Mediterranean",2000,49.28203144,43.40595283,NA,5.87607861
"SOM","Eastern Mediterranean",2001,49.32648692,43.44347767,NA,5.88300925
"SOM","Eastern Mediterranean",2002,49.39676377,43.50980202,NA,5.88696175
"SOM","Eastern Mediterranean",2003,49.50039991,43.59891453,NA,5.90148538
"SOM","Eastern Mediterranean",2004,49.44567549,43.55530119,NA,5.8903743
"SOM","Eastern Mediterranean",2005,49.79233436,43.8536321,NA,5.93870226
"SOM","Eastern Mediterranean",2006,49.82524247,43.88916681,NA,5.93607566
"SOM","Eastern Mediterranean",2007,49.97697257,44.03196045,NA,5.94501212
"SOM","Eastern Mediterranean",2008,50.31128296,44.34174762,NA,5.96953534
"SOM","Eastern Mediterranean",2009,50.66979598,44.67375218,NA,5.9960438
"SOM","Eastern Mediterranean",2010,49.52620758,43.79247175,NA,5.73373583
"SOM","Eastern Mediterranean",2011,43.81163424,39.17383736,NA,4.63779688
"SOM","Eastern Mediterranean",2012,50.10797443,44.34616075,NA,5.76181368
"SOM","Eastern Mediterranean",2013,52.50391976,46.30964447,3.36953735,6.19427529
"SOM","Eastern Mediterranean",2014,53.08816189,46.83345675,3.02053761,6.25470514
"SOM","Eastern Mediterranean",2015,53.54338351,47.23677464,2.94074512,6.30660887
"SOM","Eastern Mediterranean",2016,53.9446075,47.58295501,2.2842648,6.36165249
"SOM","Eastern Mediterranean",2017,54.18246164,47.77851851,2.44348097,6.40394313
"SOM","Eastern Mediterranean",2018,54.6726292,48.19341199,2.50873256,6.47921721
"SOM","Eastern Mediterranean",2019,55.21397342,48.65431671,2.40617251,6.55965671
"SOM","Eastern Mediterranean",2020,55.12925544,48.55480516,2.47010517,6.57445028
"SOM","Eastern Mediterranean",2021,53.95143945,47.42338531,2.73509169,6.52805414
"SYR","Eastern Mediterranean",2000,71.08679254,62.07813562,4.57202911,9.00865692000001
"SYR","Eastern Mediterranean",2001,71.76491508,62.61194593,4.71458244,9.15296915
"SYR","Eastern Mediterranean",2002,72.00814832,62.81017686,4.96416759,9.19797146
"SYR","Eastern Mediterranean",2003,72.65734085,63.30019296,5.13501024,9.35714789
"SYR","Eastern Mediterranean",2004,72.88238933,63.4681581,4.49753141,9.41423123
"SYR","Eastern Mediterranean",2005,73.23261717,63.73420659,4.12713289,9.49841058
"SYR","Eastern Mediterranean",2006,73.37955444,63.83763645,3.79620314,9.54191799000001
"SYR","Eastern Mediterranean",2007,73.62412875,64.03410736,3.73920178,9.59002139
"SYR","Eastern Mediterranean",2008,73.54815311,63.98134284,3.41378117,9.56681027
"SYR","Eastern Mediterranean",2009,73.73835464,64.1227224,3.57431221,9.61563224
"SYR","Eastern Mediterranean",2010,73.76180647,64.14295281,3.35286307,9.61885366
"SYR","Eastern Mediterranean",2011,71.88413217,62.52938785,2.6616261,9.35474432
"SYR","Eastern Mediterranean",2012,64.99959827,56.61262569,3.22060776,8.38697258
"SYR","Eastern Mediterranean",2013,64.68588767,56.28825214,3.77518535,8.39763553
"SYR","Eastern Mediterranean",2014,60.24065156,52.48813066,4.23171377,7.7525209
"SYR","Eastern Mediterranean",2015,60.0056598,52.21318587,3.67464328,7.79247393
"SYR","Eastern Mediterranean",2016,60.12484476,52.25704567,3.89073515,7.86779909
"SYR","Eastern Mediterranean",2017,59.23626681,51.42556752,3.91299295,7.81069929
"SYR","Eastern Mediterranean",2018,64.30375249,55.598152,3.93852568,8.70560049
"SYR","Eastern Mediterranean",2019,69.17463554,59.66442532,3.96978569,9.51021022
"SYR","Eastern Mediterranean",2020,71.99813819,61.95460364,3.67009115,10.04353455
"SYR","Eastern Mediterranean",2021,72.43803165,62.27065324,3.50403309,10.16737841
"TUN","Eastern Mediterranean",2000,74.30098477,64.35250783,4.81271935,9.94847694000001
"TUN","Eastern Mediterranean",2001,74.55599136,64.55581644,4.86132765,10.00017492
"TUN","Eastern Mediterranean",2002,74.75755844,64.71593513,5.12036419,10.04162331
"TUN","Eastern Mediterranean",2003,74.95127697,64.87330066,5.20888519,10.07797631
"TUN","Eastern Mediterranean",2004,75.17294716,65.04247304,5.19890785,10.13047412
"TUN","Eastern Mediterranean",2005,75.37276042,65.19363491,5.14555788,10.17912551
"TUN","Eastern Mediterranean",2006,75.57522085,65.33879774,5.13109922,10.23642311
"TUN","Eastern Mediterranean",2007,75.74953958,65.45801584,5.17542839,10.29152374
"TUN","Eastern Mediterranean",2008,75.92697277,65.57857547,5.1644063,10.3483973
"TUN","Eastern Mediterranean",2009,76.07616117,65.67504049,5.40595293,10.40112068
"TUN","Eastern Mediterranean",2010,76.21500138,65.76730257,5.60950756,10.44769881
"TUN","Eastern Mediterranean",2011,76.36110917,65.85578445,6.12299299,10.50532472
"TUN","Eastern Mediterranean",2012,76.52515319,65.97451525,6.28984737,10.55063794
"TUN","Eastern Mediterranean",2013,76.61373105,66.0322871,6.51394987,10.58144395
"TUN","Eastern Mediterranean",2014,76.6974822,66.09020411,6.45006084,10.60727809
"TUN","Eastern Mediterranean",2015,76.78627015,66.15358431,6.21339941,10.63268584
"TUN","Eastern Mediterranean",2016,76.91365109,66.24766761,6.24778175,10.66598348
"TUN","Eastern Mediterranean",2017,77.03145853,66.33246354,6.18557453,10.69899499
"TUN","Eastern Mediterranean",2018,77.23195746,66.47597173,5.9375186,10.75598573
"TUN","Eastern Mediterranean",2019,77.50537971,66.6757488,6.02461243,10.82963091
"TUN","Eastern Mediterranean",2020,77.12175333,66.2405825,7.05612612,10.88117083
"TUN","Eastern Mediterranean",2021,74.06842662,63.57980464,7.34183979,10.48862198
"YEM","Eastern Mediterranean",2000,63.08164608,54.15135377,4.66606569,8.93029231
"YEM","Eastern Mediterranean",2001,63.62361632,54.61533319,4.94514799,9.00828313
"YEM","Eastern Mediterranean",2002,64.16252882,55.07961285,4.83237982,9.08291597000001
"YEM","Eastern Mediterranean",2003,64.67397283,55.51876293,5.75758314,9.1552099
"YEM","Eastern Mediterranean",2004,65.2063964,55.97558627,5.5144043,9.23081013
"YEM","Eastern Mediterranean",2005,65.75114077,56.43617772,5.20585251,9.31496305
"YEM","Eastern Mediterranean",2006,66.27840827,56.87517218,5.52930164,9.40323609
"YEM","Eastern Mediterranean",2007,66.73494764,57.25270691,5.82077599,9.48224073
"YEM","Eastern Mediterranean",2008,67.19372426,57.62612449,5.76191616,9.56759976999999
"YEM","Eastern Mediterranean",2009,67.58534902,57.94628676,5.98619986,9.63906226
"YEM","Eastern Mediterranean",2010,67.95702862,58.25257829,5.15932894,9.70445033
"YEM","Eastern Mediterranean",2011,68.13030665,58.40834135,4.7695322,9.72196529999999
"YEM","Eastern Mediterranean",2012,68.26819831,58.52724583,5.19593525,9.74095248
"YEM","Eastern Mediterranean",2013,68.75410162,58.94746677,4.96083164,9.80663485
"YEM","Eastern Mediterranean",2014,68.71723916,58.93196008,5.8377471,9.78527908
"YEM","Eastern Mediterranean",2015,68.25299786,58.54466916,6.49017286,9.7083287
"YEM","Eastern Mediterranean",2016,67.6890605,58.06684708,7.71249437,9.62221341999999
"YEM","Eastern Mediterranean",2017,67.67597451,58.04617763,8.14723873,9.62979688
"YEM","Eastern Mediterranean",2018,66.38937201,56.94389096,9.08948231,9.44548105
"YEM","Eastern Mediterranean",2019,66.89863946,57.35889359,10.97374439,9.53974587
"YEM","Eastern Mediterranean",2020,66.51267259,57.03904432,11.6478138,9.47362826999999
"YEM","Eastern Mediterranean",2021,65.76206783,56.46367823,9.44125366,9.29838960000001
"ALB","Europe",2000,73.68285742,64.47740779,5.87429667,9.20544963
"ALB","Europe",2001,76.04202157,66.2076632,5.8561573,9.83435837
"ALB","Europe",2002,75.48885772,65.86774353,5.59802675,9.62111419
"ALB","Europe",2003,74.94215534,65.5234809,5.84188986,9.41867444
"ALB","Europe",2004,75.42557931,65.92134518,5.82433939,9.50423413
"ALB","Europe",2005,74.20683098,64.96990288,5.6621623,9.2369281
"ALB","Europe",2006,74.22366059,65.01865353,5.56553745,9.20500706
"ALB","Europe",2007,74.53678554,65.29891872,5.85639858,9.23786681999999
"ALB","Europe",2008,74.9883157,65.68039053,5.44421673,9.30792517
"ALB","Europe",2009,75.55770059,66.14646997,5.75751925,9.41123062
"ALB","Europe",2010,76.21290189,66.66637374,6.16333199,9.54652815
"ALB","Europe",2011,76.61868023,67.00329306,6.11026192,9.61538716999999
"ALB","Europe",2012,77.34194982,67.74143899,6.08504725,9.60051082999999
"ALB","Europe",2013,77.77410839,68.09931881,6.20897436,9.67478958
"ALB","Europe",2014,78.01445206,68.32573611,6.35884142,9.68871595
"ALB","Europe",2015,77.76638448,68.19152535,6.38810158,9.57485912999999
"ALB","Europe",2016,77.87870915,68.302619,6.65018797,9.57609015
"ALB","Europe",2017,77.91038596,68.34923347,6.50111914,9.56115249
"ALB","Europe",2018,77.93851855,68.39032778,6.59002447,9.54819076999999
"ALB","Europe",2019,77.9406744,68.40525475,6.78144073,9.53541965000001
"ALB","Europe",2020,76.53104591,67.15342179,7.46513748,9.37762412000001
"ALB","Europe",2021,76.39089034,66.68795531,7.35750389,9.70293502999999
"ARM","Europe",2000,71.62172824,62.97105486,4.19581175,8.65067337999999
"ARM","Europe",2001,71.79061149,63.12288007,4.64563894,8.66773142
"ARM","Europe",2002,71.58333169,63.04555419,7.61358786,8.5377775
"ARM","Europe",2003,71.70802942,63.19099316,7.17936182,8.51703626
"ARM","Europe",2004,72.03083518,63.47421435,6.05510139,8.55662083
"ARM","Europe",2005,72.0754129,63.54060164,5.8618803,8.53481126
"ARM","Europe",2006,72.0117653,63.50357073,5.85007095,8.50819456999999
"ARM","Europe",2007,72.53070418,63.92507109,5.49814034,8.60563309
"ARM","Europe",2008,72.48685716,63.90275226,6.63976622,8.5841049
"ARM","Europe",2009,72.73278531,64.10767016,8.44377708,8.62511515
"ARM","Europe",2010,73.01384261,64.34158557,9.23538303,8.67225703999999
"ARM","Europe",2011,73.30611739,64.57398915,9.37588882,8.73212824
"ARM","Europe",2012,73.66922093,64.86642185,9.13455009,8.80279908
"ARM","Europe",2013,74.18785118,65.28902257,10.32345009,8.89882861
"ARM","Europe",2014,74.19757704,65.30876718,10.17827892,8.88880986
"ARM","Europe",2015,74.27859114,65.37019602,10.11762714,8.90839512000001
"ARM","Europe",2016,74.40594896,65.47874944,9.95194912,8.92719952
"ARM","Europe",2017,75.18435169,66.10714309,10.36270332,9.07720860000001
"ARM","Europe",2018,75.62030513,66.41691512,10.00543404,9.20339001000001
"ARM","Europe",2019,75.66635568,66.47682393,11.3798008,9.18953175
"ARM","Europe",2020,69.32859192,61.03095047,12.24056244,8.29764144999999
"ARM","Europe",2021,72.98458202,64.01330853,12.32268524,8.97127349
"AUT","Europe",2000,78.17598734,67.63382756,9.38934517,10.54215978
"AUT","Europe",2001,78.64264138,67.96727412,9.45243549,10.67536726
"AUT","Europe",2002,78.70354232,68.01334126,9.59139919,10.69020106
"AUT","Europe",2003,78.62740132,67.94064765,9.69844246,10.68675367
"AUT","Europe",2004,79.11359324,68.26962225,9.81532383,10.84397099
"AUT","Europe",2005,79.32619587,68.42262411,9.71779728,10.90357176
"AUT","Europe",2006,79.80520182,68.79364951,9.64073944,11.01155231
"AUT","Europe",2007,80.0322621,68.99506144,9.60482597,11.03720066
"AUT","Europe",2008,80.26667316,69.21502164,9.83415222,11.05165152
"AUT","Europe",2009,80.12103248,69.14626001,10.31152916,10.97477247
"AUT","Europe",2010,80.39157197,69.36168034,10.31620026,11.02989163
"AUT","Europe",2011,80.73795859,69.6239956,10.1370182,11.11396299
"AUT","Europe",2012,80.71875852,69.64677579,10.30198097,11.07198273
"AUT","Europe",2013,80.91227276,69.80546803,10.40574837,11.10680473
"AUT","Europe",2014,81.23527679,70.04028409,10.51159096,11.1949927
"AUT","Europe",2015,80.98621911,69.89998216,10.51688385,11.08623695
"AUT","Europe",2016,81.38820091,70.19626881,10.51713753,11.1919321
"AUT","Europe",2017,81.38857295,70.23919997,10.57132816,11.14937298
"AUT","Europe",2018,81.42361625,70.27868451,10.5157156,11.14493174
"AUT","Europe",2019,81.64847998,70.44474022,10.62530422,11.20373976
"AUT","Europe",2020,81.08512036,69.92110503,11.41292953,11.16401533
"AUT","Europe",2021,80.99297519,69.78945352,12.185215,11.20352167
"AZE","Europe",2000,65.23458004,57.80796646,2.94891715,7.42661358
"AZE","Europe",2001,66.31096148,58.69186105,2.774194,7.61910043
"AZE","Europe",2002,66.7152002,59.08463636,2.73097301,7.63056384
"AZE","Europe",2003,66.74212235,59.16888835,2.72699213,7.573234
"AZE","Europe",2004,67.38631087,59.73830424,2.65944242,7.64800663
"AZE","Europe",2005,67.44595807,59.8293414,2.22960997,7.61661667000001
"AZE","Europe",2006,67.63797731,60.0742322,2.07059145,7.56374511
"AZE","Europe",2007,69.26431968,61.35691997,1.99422264,7.90739971
"AZE","Europe",2008,68.71279885,61.00374307,2.04814458,7.70905578
"AZE","Europe",2009,69.37470529,61.55880145,2.76541352,7.81590384
"AZE","Europe",2010,69.81386619,61.92890218,2.64634848,7.88496401
"AZE","Europe",2011,70.38906117,62.40031259,2.59547186,7.98874858000001
"AZE","Europe",2012,71.2113018,63.06423479,3.15682149,8.14706701
"AZE","Europe",2013,72.08992478,63.76369353,3.22551084,8.32623125000001
"AZE","Europe",2014,72.71925019,64.265543,3.58703041,8.45370719
"AZE","Europe",2015,73.62700051,64.96044047,4.34131384,8.66656004000001
"AZE","Europe",2016,73.96997105,65.2431409,4.42241955,8.72683015
"AZE","Europe",2017,74.6254737,65.73464324,4.07396507,8.89083046
"AZE","Europe",2018,75.13145241,66.13742304,3.83661342,8.99402936999999
"AZE","Europe",2019,75.79966602,66.62391976,4.18188763,9.17574626
"AZE","Europe",2020,71.43112767,62.99997082,5.84817696,8.43115684999999
"AZE","Europe",2021,72.9129401,64.04244286,4.68526697,8.87049724000001
"BEL","Europe",2000,77.67190502,67.21426729,7.99917603,10.45763773
"BEL","Europe",2001,77.97358091,67.40065423,8.14988899,10.57292668
"BEL","Europe",2002,78.01455674,67.41311254,8.3182106,10.6014442
"BEL","Europe",2003,78.11449295,67.46811676,9.18925285,10.64637619
"BEL","Europe",2004,78.79615664,67.91975833,9.35496902,10.87639831
"BEL","Europe",2005,78.85239236,67.94065279,9.25018311,10.91173957
"BEL","Europe",2006,79.23388393,68.18925505,9.1325655,11.04462888
"BEL","Europe",2007,79.56569667,68.39753636,9.1392889,11.16816031
"BEL","Europe",2008,79.56481171,68.38124546,9.60036659,11.18356625
"BEL","Europe",2009,79.82665275,68.55329595,10.54393387,11.2733568
"BEL","Europe",2010,79.84805119,68.56545592,10.41325188,11.28259527
"BEL","Europe",2011,80.16687766,68.80474986,10.41302204,11.3621278
"BEL","Europe",2012,80.07118579,68.77894462,10.5865345,11.29224117
"BEL","Europe",2013,80.32474948,69.00364711,10.63787556,11.32110237
"BEL","Europe",2014,80.94130643,69.47604051,10.62032604,11.46526592
"BEL","Europe",2015,80.70631194,69.35862084,10.88387299,11.3476911
"BEL","Europe",2016,81.07460591,69.64158315,10.89833736,11.43302276
"BEL","Europe",2017,81.1512532,69.73442324,10.94042683,11.41682996
"BEL","Europe",2018,81.2494226,69.8347512,10.9937973,11.4146714
"BEL","Europe",2019,81.60895006,70.10246331,10.85831451,11.50648675
"BEL","Europe",2020,80.77564866,69.33220063,11.46253014,11.44344803
"BEL","Europe",2021,81.5059627,69.79467895,11.28825092,11.71128375
"BGR","Europe",2000,71.6428836,62.75636839,5.82970953,8.88651521000001
"BGR","Europe",2001,71.85118008,62.90402444,6.85958815,8.94715564
"BGR","Europe",2002,72.11466914,63.14671824,7.0809865,8.9679509
"BGR","Europe",2003,72.29415331,63.31793589,7.19987392,8.97621742
"BGR","Europe",2004,72.48173145,63.47307916,6.89090872,9.00865229
"BGR","Europe",2005,72.47648279,63.51083043,6.89011478,8.96565236000001
"BGR","Europe",2006,72.62332365,63.64006332,6.52544546,8.98326033
"BGR","Europe",2007,72.92323217,63.89689453,6.15651751,9.02633764000001
"BGR","Europe",2008,73.24591413,64.15647997,6.28281593,9.08943416
"BGR","Europe",2009,73.57651207,64.42785577,6.59577608,9.14865630000001
"BGR","Europe",2010,73.66597105,64.52361963,7.09477949,9.14235142
"BGR","Europe",2011,74.07018001,64.84955708,7.10250568,9.22062293
"BGR","Europe",2012,74.28202002,65.03633307,7.53903675,9.24568695000001
"BGR","Europe",2013,74.79512219,65.42920506,7.14167452,9.36591713
"BGR","Europe",2014,74.40807537,65.15260742,7.68306208,9.25546795000001
"BGR","Europe",2015,74.56358707,65.30075052,7.39363575,9.26283655
"BGR","Europe",2016,74.77317639,65.46576108,7.45975018,9.30741531000001
"BGR","Europe",2017,74.71989724,65.44346267,7.49624491,9.27643456999999
"BGR","Europe",2018,74.85071858,65.546733,7.34086275,9.30398558
"BGR","Europe",2019,75.0010583,65.66690799,7.11813641,9.33415031
"BGR","Europe",2020,73.48961137,64.37926353,8.44060898,9.11034784
"BGR","Europe",2021,71.30586,62.3889052,8.58048916,8.91695479999999
"BIH","Europe",2000,75.4599475,65.57974581,7.96239424,9.88020168999999
"BIH","Europe",2001,75.85448253,65.87727918,7.5734477,9.97720335
"BIH","Europe",2002,76.09726725,66.06165332,7.39934349,10.03561393
"BIH","Europe",2003,76.3852253,66.27737588,8.28056145,10.10784942
"BIH","Europe",2004,76.62934847,66.45807139,9.06270218,10.17127708
"BIH","Europe",2005,76.54879498,66.401536,8.82041836,10.14725898
"BIH","Europe",2006,76.79616301,66.60329689,8.88362694,10.19286612
"BIH","Europe",2007,76.26128187,66.24942556,9.25501442,10.01185631
"BIH","Europe",2008,76.76846848,66.67228333,9.48630238,10.09618515
"BIH","Europe",2009,76.7825838,66.72193221,9.0152092,10.06065159
"BIH","Europe",2010,76.98324032,66.88544717,9.01212692,10.09779315
"BIH","Europe",2011,77.05795229,66.94670309,9.1712122,10.1112492
"BIH","Europe",2012,77.27133436,67.103335,9.4791584,10.16799936
"BIH","Europe",2013,77.21186094,67.05614929,9.43616295,10.15571165
"BIH","Europe",2014,77.17772515,67.0351354,9.4710331,10.14258975
"BIH","Europe",2015,76.9957646,66.9072933,9.24086571,10.0884713
"BIH","Europe",2016,77.13183233,67.01204605,9.13943481,10.11978628
"BIH","Europe",2017,77.24910311,67.10889289,8.81797314,10.14021022
"BIH","Europe",2018,77.32123917,67.16792666,8.76100445,10.15331251
"BIH","Europe",2019,77.09808482,67.01024039,8.92544365,10.08784443
"BIH","Europe",2020,75.70792926,65.8717719,9.70311832,9.83615736
"BIH","Europe",2021,74.84944487,64.98581956,9.55514336,9.86362531
"BLR","Europe",2000,68.79296699,60.20960905,5.28088045,8.58335794
"BLR","Europe",2001,68.38068954,59.9045224,5.7064805,8.47616714000001
"BLR","Europe",2002,67.90677805,59.56446615,5.62404203,8.3423119
"BLR","Europe",2003,68.37573872,59.95071462,5.77103186,8.4250241
"BLR","Europe",2004,68.80163482,60.30222608,5.73650646,8.49940874000001
"BLR","Europe",2005,68.69743153,60.23966321,6.07036304,8.45776832
"BLR","Europe",2006,69.30529977,60.73430109,5.57366323,8.57099868
"BLR","Europe",2007,70.20054242,61.45325644,5.6917243,8.74728598000001
"BLR","Europe",2008,70.33830973,61.59563768,5.29448891,8.74267205
"BLR","Europe",2009,70.47736788,61.73394036,5.3906498,8.74342752
"BLR","Europe",2010,70.35076033,61.65793482,5.65694332,8.69282551
"BLR","Europe",2011,70.57181476,61.84040702,4.87452745,8.73140774
"BLR","Europe",2012,72.11133932,63.08645628,5.24538946,9.02488304
"BLR","Europe",2013,72.59208184,63.5020425,5.69563103,9.09003934
"BLR","Europe",2014,73.15346125,63.97142454,5.38792181,9.18203671
"BLR","Europe",2015,73.73950531,64.47404492,6.06528044,9.26546039
"BLR","Europe",2016,73.8924593,64.62478335,5.91054153,9.26767595
"BLR","Europe",2017,74.22729868,64.9263071,5.75974846,9.30099158
"BLR","Europe",2018,74.34647413,65.05890333,5.52699471,9.2875708
"BLR","Europe",2019,74.8186819,65.43521345,5.86133814,9.38346845
"BLR","Europe",2020,73.01027649,63.90188564,6.40607214,9.10839084999999
"BLR","Europe",2021,73.12324771,63.70762409,6.56549978,9.41562362
"CHE","Europe",2000,79.71469969,68.35388461,9.13442421,11.36081508
"CHE","Europe",2001,80.10038738,68.67026503,9.46040058,11.43012235
"CHE","Europe",2002,80.41025592,68.96783549,9.88000107,11.44242043
"CHE","Europe",2003,80.40439825,69.05999326,10.13696766,11.34440499
"CHE","Europe",2004,80.94173199,69.49903055,10.22576523,11.44270144
"CHE","Europe",2005,81.11493442,69.67394042,10.05823421,11.440994
"CHE","Europe",2006,81.41480541,69.87433246,9.5802002,11.54047295
"CHE","Europe",2007,81.59797301,69.98830252,9.41693783,11.60967049
"CHE","Europe",2008,81.86194325,70.1466432,9.53167725,11.71530005
"CHE","Europe",2009,81.89043047,70.13482309,10.1415062,11.75560738
"CHE","Europe",2010,82.19541207,70.36015994,9.9907856,11.83525213
"CHE","Europe",2011,82.36855875,70.50295163,10.10393143,11.86560712
"CHE","Europe",2012,82.39224777,70.55685748,10.33511066,11.83539029
"CHE","Europe",2013,82.47547076,70.63640088,10.59444523,11.83906988
"CHE","Europe",2014,82.84919576,70.92077611,10.6751194,11.92841965
"CHE","Europe",2015,82.58994495,70.75694813,10.97983074,11.83299682
"CHE","Europe",2016,83.17109413,71.19516946,11.20248795,11.97592467
"CHE","Europe",2017,83.13986197,71.22011694,11.37471581,11.91974503
"CHE","Europe",2018,83.28963498,71.35828444,11.19891071,11.93135054
"CHE","Europe",2019,83.47957563,71.52508144,11.42588997,11.95449419
"CHE","Europe",2020,82.73602492,70.8688369,11.98960876,11.86718802
"CHE","Europe",2021,83.32795777,71.14915936,11.95855618,12.17879841
"CYP","Europe",2000,78.83247264,68.47465129,5.30800056,10.35782135
"CYP","Europe",2001,78.86668678,68.48775494,5.33940458,10.37893184
"CYP","Europe",2002,78.99615853,68.56935276,5.61565971,10.42680577
"CYP","Europe",2003,79.11243929,68.65071068,5.63568783,10.46172861
"CYP","Europe",2004,79.27834154,68.77070736,5.40558147,10.50763418
"CYP","Europe",2005,79.53715992,68.95177244,5.43580961,10.58538748
"CYP","Europe",2006,79.83910882,69.16862456,5.46357489,10.67048426
"CYP","Europe",2007,80.21271187,69.45317422,5.35744858,10.75953765
"CYP","Europe",2008,80.589293,69.74662353,6.01430845,10.84266947
"CYP","Europe",2009,80.92281877,70.01425409,6.46531534,10.90856468
"CYP","Europe",2010,81.17822871,70.22308334,6.50055742,10.95514537
"CYP","Europe",2011,81.38772648,70.40229958,6.43139076,10.9854269
"CYP","Europe",2012,81.61972744,70.5910277,6.53638792,11.02869974
"CYP","Europe",2013,81.84969587,70.77568344,6.92774534,11.07401243
"CYP","Europe",2014,81.84705653,70.80594582,6.93137264,11.04111071
"CYP","Europe",2015,81.80149333,70.7973974,6.79382181,11.00409593
"CYP","Europe",2016,81.7149767,70.76184819,6.65254688,10.95312851
"CYP","Europe",2017,81.86957092,70.88392291,6.62192535,10.98564801
"CYP","Europe",2018,82.05668584,71.034083,6.78446245,11.02260284
"CYP","Europe",2019,82.17744701,71.12585493,6.99843168,11.05159208
"CYP","Europe",2020,82.06263041,70.93251625,8.64796448,11.13011416
"CYP","Europe",2021,81.912741,70.74237452,8.87445068,11.17036648
"CZE","Europe",2000,75.0301441,65.30514778,5.66916943,9.72499632
"CZE","Europe",2001,75.30051991,65.50554283,5.83479309,9.79497708000001
"CZE","Europe",2002,75.36384265,65.54479974,6.14656258,9.81904290999999
"CZE","Europe",2003,75.26103133,65.45838939,6.50168419,9.80264194
"CZE","Europe",2004,75.78544673,65.81866053,6.33308411,9.9667862
"CZE","Europe",2005,75.99869845,65.97156559,6.33529043,10.02713286
"CZE","Europe",2006,76.60775206,66.41335415,6.16489983,10.19439791
"CZE","Europe",2007,76.86519129,66.59850171,5.99029112,10.26668958
"CZE","Europe",2008,77.1537423,66.80658332,6.33855247,10.34715898
"CZE","Europe",2009,77.27519564,66.91297818,7.2650013,10.36221746
"CZE","Europe",2010,77.55051822,67.1139208,7.47836781,10.43659742
"CZE","Europe",2011,77.78639074,67.28853165,7.47281456,10.49785909
"CZE","Europe",2012,77.96926876,67.44204182,7.53974962,10.52722694
"CZE","Europe",2013,78.1114359,67.56089752,7.44831276,10.55053838
"CZE","Europe",2014,78.68016445,67.98246582,7.53919601,10.69769863
"CZE","Europe",2015,78.48257933,67.8754041,7.29346752,10.60717523
"CZE","Europe",2016,78.93030378,68.21166437,7.32258606,10.71863941
"CZE","Europe",2017,78.85473024,68.21885827,7.24190664,10.63587197
"CZE","Europe",2018,78.89195159,68.29105052,7.37173605,10.60090107
"CZE","Europe",2019,79.13720815,68.49230253,7.48754358,10.64490562
"CZE","Europe",2020,78.12978194,67.69540769,8.96995831,10.43437425
"CZE","Europe",2021,77.07730392,66.65716215,9.15420723,10.42014177
"DEU","Europe",2000,78.10603024,67.47109717,9.75930405,10.63493307
"DEU","Europe",2001,78.44285248,67.70767052,9.78105545,10.73518196
"DEU","Europe",2002,78.46153264,67.71182282,10.028965,10.74970982
"DEU","Europe",2003,78.45648391,67.69709992,10.22255325,10.75938399
"DEU","Europe",2004,79.02932323,68.09523035,9.97466278,10.93409288
"DEU","Europe",2005,79.20819712,68.22700187,10.1068058,10.98119525
"DEU","Europe",2006,79.60448013,68.5094393,9.96236897,11.09504083
"DEU","Europe",2007,79.79113261,68.63473795,9.83482933,11.15639466
"DEU","Europe",2008,79.87792037,68.69738598,10.03185749,11.18053439
"DEU","Europe",2009,79.99437865,68.77448617,10.97003078,11.21989248
"DEU","Europe",2010,80.18047005,68.90090056,10.8311739,11.27956949
"DEU","Europe",2011,80.46331457,69.09884746,10.52106953,11.36446711
"DEU","Europe",2012,80.59346041,69.19733035,10.59356213,11.39613006
"DEU","Europe",2013,80.28874618,68.98199152,10.7432127,11.30675466
"DEU","Europe",2014,80.7599266,69.30059311,10.76819706,11.45933349
"DEU","Europe",2015,80.4259243,69.05746443,10.92317677,11.36845987
"DEU","Europe",2016,80.68537775,69.22963634,10.97133732,11.45574141
"DEU","Europe",2017,80.75116875,69.29018873,11.05091095,11.46098002
"DEU","Europe",2018,80.64820055,69.21478901,11.18380833,11.43341154
"DEU","Europe",2019,80.97360663,69.44497943,11.42805386,11.5286272
"DEU","Europe",2020,80.79637728,69.24162344,12.46780777,11.55475384
"DEU","Europe",2021,80.49140555,68.93389132,12.72403336,11.55751423
"DNK","Europe",2000,76.93482299,66.6604442,8.11006165,10.27437879
"DNK","Europe",2001,77.04219494,66.78064761,8.44370651,10.26154733
"DNK","Europe",2002,77.0288458,66.82751691,8.69506168,10.20132889
"DNK","Europe",2003,77.31785032,67.10943107,8.89037418,10.20841925
"DNK","Europe",2004,77.68985024,67.43157481,8.98551464,10.25827543
"DNK","Europe",2005,78.13130379,67.79874868,9.06716251,10.33255511
"DNK","Europe",2006,78.19096238,67.85612716,9.15257931,10.33483522
"DNK","Europe",2007,78.29892667,67.93573948,9.30215549,10.36318719
"DNK","Europe",2008,78.63896492,68.1901052,9.46797943,10.44885972
"DNK","Europe",2009,78.87762743,68.38979668,10.62873173,10.48783075
"DNK","Europe",2010,79.16903741,68.62298968,10.59621811,10.54604773
"DNK","Europe",2011,79.68812406,69.0239629,10.39758492,10.66416116
"DNK","Europe",2012,79.96581949,69.25649466,10.53344631,10.70932483
"DNK","Europe",2013,80.1645831,69.42721836,10.29778957,10.73736474
"DNK","Europe",2014,80.51401409,69.68612393,10.31388664,10.82789016
"DNK","Europe",2015,80.59412958,69.77550468,10.3754549,10.8186249
"DNK","Europe",2016,80.71406105,69.86776892,10.28229332,10.84629213
"DNK","Europe",2017,80.94104357,70.05614206,10.1137991,10.88490151
"DNK","Europe",2018,80.82345271,69.97451161,10.14163208,10.8489411
"DNK","Europe",2019,81.27895276,70.31425391,10.18468761,10.96469885
"DNK","Europe",2020,81.36821984,70.24159362,10.69237614,11.12662622
"DNK","Europe",2021,81.18400442,70.05689094,10.65575886,11.12711348
"ESP","Europe",2000,79.09037288,68.88623415,6.80217838,10.20413873
"ESP","Europe",2001,79.39483865,69.12361489,6.76929569,10.27122376
"ESP","Europe",2002,79.48845207,69.18915575,6.79878616,10.29929632
"ESP","Europe",2003,79.41351479,69.12644317,7.59223175,10.28707162
"ESP","Europe",2004,79.99552369,69.52670598,7.68447876,10.46881771
"ESP","Europe",2005,80.00981734,69.53403426,7.77807474,10.47578308
"ESP","Europe",2006,80.67223061,69.98733551,7.87072468,10.6848951
"ESP","Europe",2007,80.67591348,69.97839219,7.96241188,10.69752129
"ESP","Europe",2008,80.97341639,70.18015331,8.4290638,10.79326308
"ESP","Europe",2009,81.32919045,70.43269975,9.1530304,10.8964907
"ESP","Europe",2010,81.693057,70.69261698,9.16992569,11.00044002
"ESP","Europe",2011,81.81256597,70.77351418,9.21749687,11.03905179
"ESP","Europe",2012,81.9595375,70.875002,9.2189045,11.0845355
"ESP","Europe",2013,82.47881258,71.22327421,9.13714981,11.25553837
"ESP","Europe",2014,82.58446278,71.28222085,9.1512289,11.30224193
"ESP","Europe",2015,82.32940416,71.10599322,9.17553329,11.22341094
"ESP","Europe",2016,82.73070599,71.38142399,8.88084984,11.349282
"ESP","Europe",2017,82.67579627,71.3513224,9.0217495,11.32447387
"ESP","Europe",2018,82.76765981,71.42041388,9.07122517,11.34724593
"ESP","Europe",2019,83.13561895,71.68925823,9.21539497,11.44636072
"ESP","Europe",2020,81.92498871,70.63086617,10.79479218,11.29412254
"ESP","Europe",2021,82.66267258,71.10701546,10.34419918,11.55565712
"EST","Europe",2000,70.96926531,61.8522621,5.17029095,9.11700321
"EST","Europe",2001,70.85470275,61.76885351,4.78399181,9.08584924
"EST","Europe",2002,71.18420468,62.05747364,4.70192671,9.12673104
"EST","Europe",2003,71.87885357,62.66588647,5.13748884,9.21296710000001
"EST","Europe",2004,72.26375853,62.98965836,5.33641052,9.27410017
"EST","Europe",2005,72.88570642,63.51408083,5.29434633,9.37162559000001
"EST","Europe",2006,73.02632317,63.65344056,4.97308683,9.37288261
"EST","Europe",2007,73.12739174,63.76555631,5.18429422,9.36183542999999
"EST","Europe",2008,74.24703915,64.6886681,5.95694113,9.55837105
"EST","Europe",2009,75.04425699,65.34351563,6.84443808,9.70074136
"EST","Europe",2010,75.84300326,66.01148776,6.59404182,9.83151550000001
"EST","Europe",2011,76.28720152,66.33367241,6.05471659,9.95352910999999
"EST","Europe",2012,76.40758544,66.44041383,6.03782082,9.96717161000001
"EST","Europe",2013,77.02989191,66.95489567,6.19788504,10.07499624
"EST","Europe",2014,77.0967995,67.00101191,6.26286125,10.09578759
"EST","Europe",2015,77.63428878,67.41876227,6.52138662,10.21552651
"EST","Europe",2016,77.71059498,67.46114277,6.56918621,10.24945221
"EST","Europe",2017,78.2161445,67.86500056,6.46636105,10.35114394
"EST","Europe",2018,78.3489275,67.96635998,6.56314421,10.38256752
"EST","Europe",2019,78.89055582,68.36583118,6.64763546,10.52472464
"EST","Europe",2020,78.62190265,68.07439019,7.47179365,10.54751246
"EST","Europe",2021,77.13131363,66.74032525,7.47591066,10.39098838
"FIN","Europe",2000,77.59494705,66.8625628,7.09544373,10.73238425
"FIN","Europe",2001,78.01784738,67.14303659,7.25165653,10.87481079
"FIN","Europe",2002,78.12614307,67.20494513,7.63005877,10.92119794
"FIN","Europe",2003,78.41020069,67.38347278,7.93988276,11.02672791
"FIN","Europe",2004,78.7283427,67.55623919,8.05999184,11.17210351
"FIN","Europe",2005,78.98273143,67.73191756,8.28901291,11.25081387
"FIN","Europe",2006,79.23326293,67.93108746,8.2858429,11.30217547
"FIN","Europe",2007,79.26874907,67.98718875,8.08415604,11.28156032
"FIN","Europe",2008,79.5834765,68.2635717,8.34362221,11.3199048
"FIN","Europe",2009,79.70604252,68.40532675,9.16182804,11.30071577
"FIN","Europe",2010,79.86591036,68.56892175,9.14183331,11.29698861
"FIN","Europe",2011,80.2843093,68.91819484,9.23903561,11.36611446
"FIN","Europe",2012,80.37588921,69.05624378,9.61732101,11.31964543
"FIN","Europe",2013,80.67798392,69.34351247,9.84504986,11.33447145
"FIN","Europe",2014,80.86537331,69.55721917,9.83066177,11.30815414
"FIN","Europe",2015,81.19884704,69.84643293,9.69998264,11.35241411
"FIN","Europe",2016,81.11659919,69.81602707,9.45625591,11.30057212
"FIN","Europe",2017,81.32143707,69.96740158,9.19148445,11.35403549
"FIN","Europe",2018,81.40768747,70.04126526,9.10587025,11.36642221
"FIN","Europe",2019,81.64702187,70.18863415,9.22295189,11.45838772
"FIN","Europe",2020,81.54461744,69.98030861,9.69977188,11.56430883
"FIN","Europe",2021,81.53419484,69.92942246,9.90969753,11.60477238
"FRA","Europe",2000,78.91105529,67.977923,9.61744022,10.93313229
"FRA","Europe",2001,79.01103311,68.03896953,9.75719261,10.97206358
"FRA","Europe",2002,79.14448316,68.13999298,10.08250141,11.00449018
"FRA","Europe",2003,79.09102734,68.11624448,10.13474941,10.97478286
"FRA","Europe",2004,80.00018858,68.74525487,10.2117033,11.25493371
"FRA","Europe",2005,80.00456559,68.75442008,10.23720551,11.25014551
"FRA","Europe",2006,80.52598237,69.1178086,10.39764977,11.40817377
"FRA","Europe",2007,80.79627532,69.33232446,10.33418846,11.46395086
"FRA","Europe",2008,80.87497757,69.41530698,10.51340675,11.45967059
"FRA","Europe",2009,81.04063075,69.55157387,11.29095459,11.48905688
"FRA","Europe",2010,81.2215994,69.69814697,11.22430801,11.52345243
"FRA","Europe",2011,81.57719696,69.96634497,11.17601013,11.61085199
"FRA","Europe",2012,81.57752501,70.00449094,11.33749485,11.57303407
"FRA","Europe",2013,81.81996075,70.19897377,11.37891197,11.62098698
"FRA","Europe",2014,82.2489409,70.52421339,11.57935429,11.72472751
"FRA","Europe",2015,81.90513823,70.2384988,11.50032997,11.66663943
"FRA","Europe",2016,82.13202442,70.40952319,11.57036018,11.72250123
"FRA","Europe",2017,82.17093951,70.50691196,11.44944572,11.66402755
"FRA","Europe",2018,82.37708106,70.6050487,11.30847645,11.77203236
"FRA","Europe",2019,82.52902201,70.71715121,11.17058277,11.8118708
"FRA","Europe",2020,81.87409035,70.08042993,12.12949371,11.79366042
"FRA","Europe",2021,81.92274175,70.08345936,12.24894238,11.83928239
"GBR","Europe",2000,77.85839464,67.27734039,7.14559078,10.58105425
"GBR","Europe",2001,77.95184342,67.34223298,7.43276882,10.60961044
"GBR","Europe",2002,78.07797235,67.45045469,7.85946798,10.62751766
"GBR","Europe",2003,78.14795765,67.52331,8.05214596,10.62464765
"GBR","Europe",2004,78.67634871,67.9211325,8.32219028,10.75521621
"GBR","Europe",2005,78.91215,68.10253997,8.38108349,10.80961003
"GBR","Europe",2006,79.22561092,68.31344755,8.53970814,10.91216337
"GBR","Europe",2007,79.41525763,68.4373383,8.76035309,10.97791933
"GBR","Europe",2008,79.53700634,68.50792523,9.03295708,11.02908111
"GBR","Europe",2009,80.03183927,68.84473139,9.83944035,11.18710788
"GBR","Europe",2010,80.25257339,69.00570097,9.78799534,11.24687242
"GBR","Europe",2011,80.64139781,69.28706317,9.79682636,11.35433464
"GBR","Europe",2012,80.64107832,69.31050261,9.89332199,11.33057571
"GBR","Europe",2013,80.68571114,69.34533083,9.99087143,11.34038031
"GBR","Europe",2014,80.93676029,69.51872089,9.97686195,11.4180394
"GBR","Europe",2015,80.65863594,69.33389781,9.94044876,11.32473813
"GBR","Europe",2016,80.81034292,69.43578812,9.87085724,11.3745548
"GBR","Europe",2017,80.92411386,69.53511162,9.70468903,11.38900224
"GBR","Europe",2018,80.6238199,69.31454909,9.79496574,11.30927081
"GBR","Europe",2019,81.22319266,69.73674837,9.97954082,11.48644429
"GBR","Europe",2020,80.14044898,68.75005014,12.10388088,11.39039884
"GBR","Europe",2021,80.10062783,68.63631371,12.08347321,11.46431412
"GEO","Europe",2000,71.06803049,62.77003732,7.194592,8.29799317
"GEO","Europe",2001,71.59125705,63.16027716,7.16950893,8.43097989
"GEO","Europe",2002,69.8928645,61.85491862,7.81474257,8.03794588
"GEO","Europe",2003,70.79663901,62.61363215,8.02952862,8.18300686000001
"GEO","Europe",2004,70.54094248,62.41655635,8.08910847,8.12438613
"GEO","Europe",2005,72.04358005,63.52558061,8.07734203,8.51799944
"GEO","Europe",2006,72.02382849,63.52145138,7.63208008,8.50237711
"GEO","Europe",2007,72.55257679,63.92306723,7.43517828,8.62950956
"GEO","Europe",2008,71.71817156,63.19825447,8.44424057,8.51991709
"GEO","Europe",2009,71.32156688,62.94062028,9.56681633,8.38094660000001
"GEO","Europe",2010,71.81805259,63.35242649,9.02123737,8.4656261
"GEO","Europe",2011,71.94043757,63.45704886,7.88224316,8.48338871
"GEO","Europe",2012,72.18519482,63.62084353,7.95168972,8.56435129
"GEO","Europe",2013,72.60327856,63.93903861,8.00574589,8.66423995000001
"GEO","Europe",2014,72.72305539,64.031054,8.2940836,8.69200139
"GEO","Europe",2015,72.85013916,64.11667112,8.6599493,8.73346803999999
"GEO","Europe",2016,72.63239027,63.93229233,9.07258892,8.70009794
"GEO","Europe",2017,73.50475808,64.59392354,8.70140266,8.91083454
"GEO","Europe",2018,73.81278834,64.81730358,7.75524616,8.99548476
"GEO","Europe",2019,73.85275108,64.85351819,7.31291389,8.99923289
"GEO","Europe",2020,73.10852232,64.21868765,9.22991848,8.88983467
"GEO","Europe",2021,71.24038597,62.475847,10.53835487,8.76453897
"GRC","Europe",2000,78.42147917,67.74410148,7.51388931,10.67737769
"GRC","Europe",2001,78.82217341,68.01887589,8.24545956,10.80329752
"GRC","Europe",2002,78.97253017,68.11649982,8.46998692,10.85603035
"GRC","Europe",2003,79.0919372,68.18883224,8.68253994,10.90310496
"GRC","Europe",2004,79.2117166,68.23263812,8.30002213,10.97907848
"GRC","Europe",2005,79.40149641,68.35978076,8.76117897,11.04171565
"GRC","Europe",2006,79.74258324,68.63239118,8.39596939,11.11019206
"GRC","Europe",2007,79.45113677,68.43689745,8.52304935,11.01423932
"GRC","Europe",2008,79.9292479,68.81766982,8.948102,11.11157808
"GRC","Europe",2009,80.02249419,68.89937319,9.53581333,11.123121
"GRC","Europe",2010,80.23861699,69.07789792,9.61952496,11.16071907
"GRC","Europe",2011,80.35771121,69.21048122,9.18577003,11.14722999
"GRC","Europe",2012,80.23315335,69.20302115,9.04327774,11.0301322
"GRC","Europe",2013,80.77961776,69.67011914,8.52183914,11.10949862
"GRC","Europe",2014,80.83818972,69.7753261,7.94358587,11.06286362
"GRC","Europe",2015,80.41608244,69.49830036,8.26719952,10.91778208
"GRC","Europe",2016,80.71256832,69.70271651,8.45097542,11.00985181
"GRC","Europe",2017,80.69403193,69.70004747,8.11336899,10.99398446
"GRC","Europe",2018,81.05191982,69.92857239,8.07267761,11.12334743
"GRC","Europe",2019,80.90744762,69.81574212,8.11709499,11.0917055
"GRC","Europe",2020,80.6317386,69.46651581,9.38074493,11.16522279
"GRC","Europe",2021,79.59785025,68.55281799,9.03178692,11.04503226
"HRV","Europe",2000,74.75166907,65.22931858,7.65084314,9.52235049000001
"HRV","Europe",2001,75.00312259,65.43496369,7.16995239,9.5681589
"HRV","Europe",2002,75.01293534,65.47187712,6.14300489,9.54105822
"HRV","Europe",2003,74.86052687,65.38732825,6.29782534,9.47319862
"HRV","Europe",2004,75.62048664,65.94635591,6.5067997,9.67413073
"HRV","Europe",2005,75.47609796,65.86097061,6.84068108,9.61512735000001
"HRV","Europe",2006,76.02870627,66.27790891,6.90362167,9.75079736000001
"HRV","Europe",2007,75.91802017,66.22827216,7.38946152,9.68974801
"HRV","Europe",2008,76.07190817,66.3527228,7.63643503,9.71918537
"HRV","Europe",2009,76.44559714,66.68095756,8.03311729,9.76463958000001
"HRV","Europe",2010,76.79829944,66.95739958,7.94908857,9.84089985999999
"HRV","Europe",2011,77.21146034,67.24932529,7.62508154,9.96213505
"HRV","Europe",2012,77.35911283,67.37374372,7.63413,9.98536911000001
"HRV","Europe",2013,77.85314853,67.74425616,6.37271595,10.10889237
"HRV","Europe",2014,78.05645984,67.91494565,6.56612396,10.14151419
"HRV","Europe",2015,77.60709528,67.61143028,6.65548038,9.995665
"HRV","Europe",2016,78.28594377,68.11840592,6.69167471,10.16753785
"HRV","Europe",2017,78.12551064,68.02940094,6.62803125,10.0961097
"HRV","Europe",2018,78.33929688,68.18867003,6.7136178,10.15062685
"HRV","Europe",2019,78.60209541,68.37991794,6.78699923,10.22217747
"HRV","Europe",2020,77.86469683,67.73166145,7.68352938,10.13303538
"HRV","Europe",2021,76.8616792,66.80261522,8.08265686,10.05906398
"HUN","Europe",2000,71.36114531,62.2153523,6.76979256,9.14579301
"HUN","Europe",2001,72.40337452,63.01804834,6.8197937,9.38532618
"HUN","Europe",2002,72.48544621,63.12581321,7.1181159,9.35963300000001
"HUN","Europe",2003,72.45014443,63.15960876,8.12986469,9.29053567
"HUN","Europe",2004,72.86168111,63.50381521,7.76592064,9.35786590000001
"HUN","Europe",2005,72.84811882,63.54276868,7.99248505,9.30535014
"HUN","Europe",2006,73.37194198,63.9580918,7.78556442,9.41385018
"HUN","Europe",2007,73.45839333,64.05614664,7.20719147,9.40224669000001
"HUN","Europe",2008,74.0004346,64.49911776,7.09275723,9.50131684
"HUN","Europe",2009,74.22416063,64.70374606,7.2366724,9.52041457
"HUN","Europe",2010,74.5619878,64.99801097,7.46420383,9.56397683
"HUN","Europe",2011,74.90161819,65.27843027,7.49342251,9.62318791999999
"HUN","Europe",2012,75.11315879,65.48443968,7.43047714,9.62871911000001
"HUN","Europe",2013,75.59159743,65.87727115,7.23645353,9.71432628
"HUN","Europe",2014,75.777258,66.04035674,7.04192352,9.73690126000001
"HUN","Europe",2015,75.5700037,65.92232594,6.8501935,9.64767776000001
"HUN","Europe",2016,76.07385445,66.31688014,6.96752644,9.75697431
"HUN","Europe",2017,75.90176306,66.23063226,6.73338366,9.6711308
"HUN","Europe",2018,76.08502162,66.39567575,6.55460501,9.68934587000001
"HUN","Europe",2019,76.33548535,66.59236063,6.24677849,9.74312472
"HUN","Europe",2020,75.76307465,66.09802497,7.230515,9.66504968
"HUN","Europe",2021,74.39546955,64.8387919,7.33524847,9.55667765
"IRL","Europe",2000,76.41796785,66.3203204,5.8990283,10.09764745
"IRL","Europe",2001,77.04413457,66.76611349,6.39249372,10.27802108
"IRL","Europe",2002,77.48003704,67.05912797,6.67263031,10.42090907
"IRL","Europe",2003,78.02379273,67.43753016,7.00761414,10.58626257
"IRL","Europe",2004,78.39305519,67.66767281,7.21972942,10.72538238
"IRL","Europe",2005,78.82008327,67.96081366,7.64242792,10.85926961
"IRL","Europe",2006,79.06563288,68.15694148,7.51646996,10.9086914
"IRL","Europe",2007,79.35545225,68.37414036,7.80773735,10.98131189
"IRL","Europe",2008,79.58286978,68.54002682,9.12564754,11.04284296
"IRL","Europe",2009,79.53106576,68.49672762,10.52275753,11.03433814
"IRL","Europe",2010,80.6170111,69.32538036,10.52062798,11.29163074
"IRL","Europe",2011,80.38545702,69.16682738,10.4888649,11.21862964
"IRL","Europe",2012,80.49448401,69.28346489,10.47466946,11.21101912
"IRL","Europe",2013,80.71347486,69.48255707,10.0333004,11.23091779
"IRL","Europe",2014,81.05218065,69.74519002,9.23077869,11.30699063
"IRL","Europe",2015,81.13790588,69.83869094,7.07827806,11.29921494
"IRL","Europe",2016,81.40605545,70.03471395,7.3382206,11.3713415
"IRL","Europe",2017,81.60361469,70.20527863,6.91718578,11.39833606
"IRL","Europe",2018,81.71153553,70.30010304,6.74710846,11.41143249
"IRL","Europe",2019,81.93976292,70.47920306,6.61860561,11.46055986
"IRL","Europe",2020,81.69720975,70.10420776,6.97323275,11.59300199
"IRL","Europe",2021,81.60162902,70.00318423,6.44113493,11.59844479
"ISL","Europe",2000,79.6920726,69.14267936,8.89924335,10.54939324
"ISL","Europe",2001,79.99493866,69.37082454,8.75266171,10.62411412
"ISL","Europe",2002,80.30310703,69.60557653,9.40382481,10.6975305
"ISL","Europe",2003,80.56916041,69.81600166,9.72930241,10.75315875
"ISL","Europe",2004,80.76637117,69.9717933,9.32854366,10.79457787
"ISL","Europe",2005,80.90304444,70.0786425,8.94694996,10.82440194
"ISL","Europe",2006,81.03602001,70.19589825,8.55709076,10.84012176
"ISL","Europe",2007,81.14698057,70.29305882,8.3535862,10.85392175
"ISL","Europe",2008,81.29367071,70.41062359,8.34370804,10.88304712
"ISL","Europe",2009,81.49587558,70.56862679,8.77518463,10.92724879
"ISL","Europe",2010,81.68175374,70.70951981,8.36173058,10.97223393
"ISL","Europe",2011,81.86017778,70.84840583,8.25498867,11.01177195
"ISL","Europe",2012,81.9847692,70.95868842,8.23091221,11.02608078
"ISL","Europe",2013,82.07380529,71.04552528,8.22651291,11.02828001
"ISL","Europe",2014,82.09822512,71.08425596,8.29044247,11.01396916
"ISL","Europe",2015,82.12605142,71.11890254,8.13121986,11.00714888
"ISL","Europe",2016,82.17563351,71.1603593,8.15569115,11.01527421
"ISL","Europe",2017,82.27340584,71.25043977,8.3243084,11.02296607
"ISL","Europe",2018,82.37332681,71.33109295,8.43817616,11.04223386
"ISL","Europe",2019,82.4706163,71.39375059,8.63996315,11.07686571
"ISL","Europe",2020,82.56117418,71.36480723,9.64908886,11.19636695
"ISL","Europe",2021,82.57766731,71.37048597,9.72073746,11.20718134
"ISR","Europe",2000,78.54383666,68.34220356,6.59421921,10.2016331
"ISR","Europe",2001,78.80591438,68.49692849,6.99914265,10.30898589
"ISR","Europe",2002,78.56218757,68.26652553,6.90767479,10.29566204
"ISR","Europe",2003,79.09724844,68.67283297,6.84975958,10.42441547
"ISR","Europe",2004,79.54240915,68.97418837,6.79696989,10.56822078
"ISR","Europe",2005,79.7067797,69.09916215,6.8828454,10.60761755
"ISR","Europe",2006,79.95901874,69.26525912,6.70000744,10.69375962
"ISR","Europe",2007,80.12300616,69.41675066,6.67256165,10.7062555
"ISR","Europe",2008,80.42212771,69.61492753,6.80668306,10.80720018
"ISR","Europe",2009,81.12924437,70.13468504,6.86992359,10.99455933
"ISR","Europe",2010,81.53399975,70.48085262,6.85038328,11.05314713
"ISR","Europe",2011,81.64888794,70.60583022,6.80594969,11.04305772
"ISR","Europe",2012,81.57002049,70.60439883,6.94185257,10.96562166
"ISR","Europe",2013,81.92176085,70.90083561,6.94074392,11.02092524
"ISR","Europe",2014,81.37964957,70.47043624,7.02990532,10.90921333
"ISR","Europe",2015,81.91113219,70.97263281,7.02090645,10.93849938
"ISR","Europe",2016,82.22430729,71.21066725,7.09919167,11.01364004
"ISR","Europe",2017,82.38134543,71.3456041,7.17189407,11.03574133
"ISR","Europe",2018,82.59262272,71.50531296,7.23550367,11.08730976
"ISR","Europe",2019,82.57325579,71.50510833,7.20701885,11.06814746
"ISR","Europe",2020,82.36508912,71.22294813,7.74801874,11.14214099
"ISR","Europe",2021,81.74464677,70.75752541,7.83961058,10.98712136
"ITA","Europe",2000,79.36611399,68.3884028,7.54701233,10.97771119
"ITA","Europe",2001,79.67653939,68.62078057,7.71115828,11.05575882
"ITA","Europe",2002,79.95596277,68.84096311,7.83638906,11.11499966
"ITA","Europe",2003,79.81728413,68.78120246,7.80670929,11.03608167
"ITA","Europe",2004,80.52668865,69.29634625,8.13726902,11.2303424
"ITA","Europe",2005,80.51057716,69.32664389,8.30906773,11.18393327
"ITA","Europe",2006,81.06442613,69.74448472,8.39791012,11.31994141
"ITA","Europe",2007,81.17657713,69.87577329,8.10167217,11.30080384
"ITA","Europe",2008,81.37070791,70.07231977,8.50157547,11.29838814
"ITA","Europe",2009,81.5215304,70.22649036,8.91290951,11.29504004
"ITA","Europe",2010,81.89505601,70.53471413,8.87928963,11.36034188
"ITA","Europe",2011,81.82897949,70.51863201,8.728508,11.31034748
"ITA","Europe",2012,81.83712041,70.56086005,8.7983427,11.27626036
"ITA","Europe",2013,82.2878749,70.90592882,8.7897644,11.38194608
"ITA","Europe",2014,82.61004631,71.16674626,8.85913563,11.44330005
"ITA","Europe",2015,82.20433624,70.90011123,8.84596729,11.30422501
"ITA","Europe",2016,82.86744999,71.37405395,8.72043991,11.49339604
"ITA","Europe",2017,82.52191209,71.11733755,8.69060516,11.40457454
"ITA","Europe",2018,82.77664183,71.27293763,8.65467453,11.5037042
"ITA","Europe",2019,82.98522568,71.42736916,8.61536789,11.55785652
"ITA","Europe",2020,81.93997914,70.48039507,9.5643034,11.45958407
"ITA","Europe",2021,82.19747411,70.56465521,9.28164482,11.6328189
"KAZ","Europe",2000,64.35326131,56.36715998,4.16032028,7.98610133
"KAZ","Europe",2001,64.70931637,56.66903209,3.47098041,8.04028428
"KAZ","Europe",2002,65.03142074,56.96390527,3.6148138,8.06751547
"KAZ","Europe",2003,64.77834271,56.8188044,3.72335005,7.95953831000001
"KAZ","Europe",2004,65.11633982,57.09528181,3.98307681,8.02105800999999
"KAZ","Europe",2005,65.06712568,57.09319457,3.90172958,7.97393111
"KAZ","Europe",2006,65.42456634,57.40171766,3.39824843,8.02284868
"KAZ","Europe",2007,65.80148574,57.74180205,2.70314813,8.05968369000001
"KAZ","Europe",2008,67.14338476,58.85340393,3.02569842,8.28998083
"KAZ","Europe",2009,68.51597079,59.97296511,3.47355628,8.54300568
"KAZ","Europe",2010,68.51031045,60.03557624,2.73641396,8.47473421000001
"KAZ","Europe",2011,69.12835849,60.57142757,2.60236669,8.55693092
"KAZ","Europe",2012,69.67761395,61.05473679,3.03725982,8.62287716
"KAZ","Europe",2013,70.6757737,61.87885592,2.66286755,8.79691777999999
"KAZ","Europe",2014,71.47528342,62.551781,2.97468448,8.92350242
"KAZ","Europe",2015,71.97923102,62.97451546,3.04051113,9.00471556
"KAZ","Europe",2016,72.39593644,63.32748581,3.42235589,9.06845063
"KAZ","Europe",2017,72.96750185,63.77861826,3.0524447,9.18888359
"KAZ","Europe",2018,73.16779578,63.93998077,2.90062451,9.22781501000001
"KAZ","Europe",2019,73.20279408,63.96788731,2.87143755,9.23490677
"KAZ","Europe",2020,71.3205391,62.47886209,3.83133817,8.84167701
"KAZ","Europe",2021,70.27511981,61.55451989,3.98701859,8.72059992
"KGZ","Europe",2000,65.93470005,58.10812611,4.41414976,7.82657394
"KGZ","Europe",2001,66.68305593,58.71605349,4.27703238,7.96700244
"KGZ","Europe",2002,66.25500987,58.45964145,4.59219551,7.79536842
"KGZ","Europe",2003,66.27050684,58.52734332,5.82382107,7.74316352
"KGZ","Europe",2004,66.99096069,59.12022851,6.20281315,7.87073218
"KGZ","Europe",2005,67.04293061,59.2110864,7.45010662,7.83184421
"KGZ","Europe",2006,67.10547635,59.29381735,8.3118391,7.81165900000001
"KGZ","Europe",2007,67.79056016,59.87246574,6.93210649,7.91809442
"KGZ","Europe",2008,68.29544912,60.32576227,6.52511883,7.96968685
"KGZ","Europe",2009,68.88847772,60.85316035,6.89873457,8.03531736999999
"KGZ","Europe",2010,69.19156126,61.12046342,6.95027161,8.07109784
"KGZ","Europe",2011,69.54394591,61.4557781,7.1072917,8.08816781
"KGZ","Europe",2012,69.96020158,61.83159002,8.50966358,8.12861156
"KGZ","Europe",2013,70.72932374,62.45248771,8.18745041,8.27683603
"KGZ","Europe",2014,70.89588242,62.62988038,7.35766459,8.26600204
"KGZ","Europe",2015,71.54340028,63.16303755,7.14930916,8.38036273
"KGZ","Europe",2016,72.67043609,64.0692056,6.41248226,8.60123048999999
"KGZ","Europe",2017,72.80933995,64.19711871,6.18586349,8.61222124
"KGZ","Europe",2018,73.2888512,64.59430696,5.01030922,8.69454424
"KGZ","Europe",2019,73.58598166,64.8418676,4.25461817,8.74411406
"KGZ","Europe",2020,71.47082259,63.01327192,4.93558979,8.45755067
"KGZ","Europe",2021,72.18500345,63.42427397,5.35275602,8.76072948
"LTU","Europe",2000,71.99825868,62.55871319,6.18559313,9.43954549000001
"LTU","Europe",2001,71.51538807,62.20320488,6.00193262,9.31218319
"LTU","Europe",2002,71.6891841,62.38734352,6.13477659,9.30184058
"LTU","Europe",2003,71.84648999,62.54492708,6.17724085,9.30156290999999
"LTU","Europe",2004,71.87471415,62.60504752,5.48347187,9.26966663
"LTU","Europe",2005,71.1036825,62.03563645,5.64637566,9.06804605000001
"LTU","Europe",2006,70.89301238,61.87794913,5.85725737,9.01506325
"LTU","Europe",2007,70.61092139,61.62885136,5.75978613,8.98207003
"LTU","Europe",2008,71.62596428,62.38968836,6.29010201,9.23627592
"LTU","Europe",2009,72.78267615,63.27075045,7.34499836,9.5119257
"LTU","Europe",2010,73.07761938,63.50469332,6.9058671,9.57292606
"LTU","Europe",2011,73.54804338,63.87498451,6.54017687,9.67305887
"LTU","Europe",2012,73.83806492,64.13359705,6.30798101,9.70446786999999
"LTU","Europe",2013,73.86695735,64.20315507,6.15501022,9.66380228000001
"LTU","Europe",2014,74.49843919,64.72338541,6.22244453,9.77505377999999
"LTU","Europe",2015,74.36612877,64.67661348,6.47396851,9.68951529
"LTU","Europe",2016,74.70145984,64.96072781,6.64928818,9.74073203
"LTU","Europe",2017,75.48786469,65.61020743,6.44472837,9.87765725999999
"LTU","Europe",2018,75.75173506,65.83884549,6.46896172,9.91288957
"LTU","Europe",2019,76.24761609,66.22751262,6.94472647,10.02010347
"LTU","Europe",2020,74.89538008,65.08668332,7.41619062,9.80869675999999
"LTU","Europe",2021,74.13314711,64.22813311,7.73210812,9.90501399999999
"LUX","Europe",2000,78.4163246,67.85378109,5.92533875,10.56254351
"LUX","Europe",2001,78.61781312,68.01761613,6.38193941,10.60019699
"LUX","Europe",2002,78.80641336,68.17876779,6.76099968,10.62764557
"LUX","Europe",2003,79.03207074,68.36100797,6.96221447,10.67106277
"LUX","Europe",2004,79.25868688,68.54865485,7.2793355,10.71003203
"LUX","Europe",2005,79.5758462,68.79636597,7.12328196,10.77948023
"LUX","Europe",2006,79.91412753,69.06068834,6.6364212,10.85343919
"LUX","Europe",2007,80.26355488,69.33735085,6.15803099,10.92620403
"LUX","Europe",2008,80.56515483,69.58341879,6.23101091,10.98173604
"LUX","Europe",2009,80.92194389,69.8631944,6.94993162,11.05874949
"LUX","Europe",2010,81.17521457,70.07276316,6.66263008,11.10245141
"LUX","Europe",2011,81.39260196,70.26109833,5.95225334,11.13150363
"LUX","Europe",2012,81.56608895,70.43105011,5.29404306,11.13503884
"LUX","Europe",2013,81.87819611,70.69326414,5.23557377,11.18493197
"LUX","Europe",2014,82.1608587,70.92480168,5.23040915,11.23605702
"LUX","Europe",2015,82.3849065,71.10883565,5.08113575,11.27607085
"LUX","Europe",2016,82.55544194,71.25401116,5.07103872,11.30143078
"LUX","Europe",2017,82.70166924,71.37256048,5.13535357,11.32910876
"LUX","Europe",2018,82.81654634,71.45784563,5.27355194,11.35870071
"LUX","Europe",2019,82.80168339,71.45517211,5.46640301,11.34651128
"LUX","Europe",2020,82.82955161,71.31500432,5.7671175,11.51454729
"LUX","Europe",2021,82.78028566,71.23441146,5.60806084,11.5458742
"LVA","Europe",2000,70.21458573,61.20266306,5.57169294,9.01192267
"LVA","Europe",2001,69.80978592,60.92602848,5.89092207,8.88375744
"LVA","Europe",2002,70.10625692,61.21440863,5.95477772,8.89184829000001
"LVA","Europe",2003,70.55494078,61.65330889,5.73644829,8.90163189
"LVA","Europe",2004,70.8139625,61.91834115,6.47518539,8.89562135
"LVA","Europe",2005,70.49159571,61.71725148,6.08161736,8.77434423
"LVA","Europe",2006,70.37307271,61.6588594,6.02127075,8.71421331
"LVA","Europe",2007,70.75226957,61.99627148,5.81969213,8.75599809
"LVA","Europe",2008,71.85232762,62.8763407,5.86603212,8.97598692
"LVA","Europe",2009,72.66145576,63.53566111,6.2683239,9.12579465
"LVA","Europe",2010,72.87994756,63.748086,6.22420359,9.13186156
"LVA","Europe",2011,73.67057625,64.37540666,5.91758251,9.29516959
"LVA","Europe",2012,73.86536335,64.56782742,5.62075043,9.29753593
"LVA","Europe",2013,74.12560449,64.79213083,5.60404825,9.33347366
"LVA","Europe",2014,74.4358747,65.045269,5.66363621,9.3906057
"LVA","Europe",2015,74.8108617,65.36315688,5.84916782,9.44770482
"LVA","Europe",2016,74.95310955,65.47789569,6.35184479,9.47521386
"LVA","Europe",2017,74.9627685,65.4806195,6.18721867,9.48214899999999
"LVA","Europe",2018,75.05473366,65.54893243,6.40854263,9.50580123
"LVA","Europe",2019,75.68490068,66.02158296,6.86276913,9.66331772
"LVA","Europe",2020,75.49885883,65.80990113,7.50587368,9.6889577
"LVA","Europe",2021,73.20251724,63.76267358,9.4105072,9.43984366000001
"MDA","Europe",2000,65.65922366,58.01529364,5.92687273,7.64393001999999
"MDA","Europe",2001,66.20689138,58.47678415,6.23449755,7.73010723
"MDA","Europe",2002,66.13288732,58.47601582,7.40437651,7.65687149999999
"MDA","Europe",2003,66.19700504,58.58051924,7.02227592,7.61648579999999
"MDA","Europe",2004,66.63893532,58.95005183,8.97114944,7.68888349
"MDA","Europe",2005,65.99301769,58.4775362,9.55814838,7.51548149
"MDA","Europe",2006,66.7168869,59.05391699,10.54445267,7.66296991000001
"MDA","Europe",2007,67.22688687,59.45954873,11.02066803,7.76733814
"MDA","Europe",2008,67.81121548,59.93120191,10.94920063,7.88001357
"MDA","Europe",2009,68.02716399,60.12198234,13.6766243,7.90518165
"MDA","Europe",2010,67.76693165,59.93079262,10.13112831,7.83613903
"MDA","Europe",2011,69.82070445,61.5530963,9.09670353,8.26760814999999
"MDA","Europe",2012,70.25455299,61.91331387,9.13962078,8.34123911999999
"MDA","Europe",2013,71.32497048,62.78118953,8.68300343,8.54378095000001
"MDA","Europe",2014,71.10984715,62.64861966,8.73206043,8.46122748999999
"MDA","Europe",2015,71.14655162,62.69941854,8.50013351,8.44713307999999
"MDA","Europe",2016,71.84582325,63.25035744,7.62106228,8.59546580999999
"MDA","Europe",2017,72.85856435,64.05827385,7.1278038,8.80029049999999
"MDA","Europe",2018,72.90339608,64.10135929,6.70760345,8.80203678999999
"MDA","Europe",2019,73.32010877,64.42798316,6.49662447,8.89212561000001
"MDA","Europe",2020,72.14867013,63.39200941,7.00484037,8.75666072
"MDA","Europe",2021,69.55780877,61.21177955,7.7490406,8.34602921999999
"MKD","Europe",2000,72.94763036,63.90061857,8.86991501,9.04701179000001
"MKD","Europe",2001,73.26733128,64.12829549,8.3815918,9.13903578999999
"MKD","Europe",2002,72.91273812,63.9053828,8.97826958,9.00735532
"MKD","Europe",2003,73.22933201,64.17538239,9.00857735,9.05394962
"MKD","Europe",2004,73.62319794,64.50284124,8.46505451,9.1203567
"MKD","Europe",2005,73.73592756,64.61201357,7.67907524,9.12391398999999
"MKD","Europe",2006,73.8246386,64.6804366,7.38314581,9.14420200000001
"MKD","Europe",2007,73.65892824,64.57956158,6.57065344,9.07936665999999
"MKD","Europe",2008,74.31760094,65.09478716,6.55317593,9.22281378000001
"MKD","Europe",2009,74.58841867,65.30884194,6.52846384,9.27957673
"MKD","Europe",2010,74.84175417,65.51387897,6.71369696,9.32787520000001
"MKD","Europe",2011,74.96127325,65.62542853,6.51887369,9.33584472000001
"MKD","Europe",2012,74.93753664,65.62949139,6.61468363,9.30804525000001
"MKD","Europe",2013,75.43073243,65.98969901,6.71928358,9.44103342000001
"MKD","Europe",2014,75.25754035,65.8904815,6.28993368,9.36705884999999
"MKD","Europe",2015,75.34082067,65.96429077,6.34227896,9.37652989999999
"MKD","Europe",2016,75.56274435,66.12889109,6.37943363,9.43385326000001
"MKD","Europe",2017,75.98451895,66.47222851,6.43909454,9.51229044
"MKD","Europe",2018,76.46395817,66.82930049,6.45699358,9.63465768
"MKD","Europe",2019,76.14804901,66.6524371,7.06654119,9.49561190999999
"MKD","Europe",2020,74.37069175,65.09200815,7.73212385,9.27868360000001
"MKD","Europe",2021,72.99535604,63.71234821,8.41851234,9.28300783
"MLT","Europe",2000,77.81522196,68.02110148,6.62621355,9.79412048
"MLT","Europe",2001,78.11450102,68.24092575,7.0297122,9.87357527
"MLT","Europe",2002,78.4088864,68.45090731,7.73333311,9.95797909
"MLT","Europe",2003,78.67686,68.63827314,7.93917513,10.03858686
"MLT","Europe",2004,78.90071191,68.79217367,8.03966808,10.10853824
"MLT","Europe",2005,79.12587951,68.95006783,8.69497585,10.17581168
"MLT","Europe",2006,79.36712993,69.12438781,8.84659672,10.24274212
"MLT","Europe",2007,79.64226641,69.32468704,8.18593979,10.31757937
"MLT","Europe",2008,79.93204914,69.53151957,7.82490158,10.40052957
"MLT","Europe",2009,80.24911661,69.75760145,7.88854265,10.49151516
"MLT","Europe",2010,80.4834984,69.9314391,7.89857197,10.5520593
"MLT","Europe",2011,80.71689503,70.10967732,8.31816673,10.60721771
"MLT","Europe",2012,80.93951926,70.28808549,8.24921417,10.65143377
"MLT","Europe",2013,81.20455704,70.4898601,8.30319595,10.71469694
"MLT","Europe",2014,81.45292313,70.67903816,8.88463974,10.77388497
"MLT","Europe",2015,81.67976101,70.854082,8.70199776,10.82567901
"MLT","Europe",2016,81.88080877,71.00175704,8.69928074,10.87905173
"MLT","Europe",2017,82.05744637,71.12539753,8.31366253,10.93204884
"MLT","Europe",2018,82.26456738,71.26523627,8.11269569,10.99933111
"MLT","Europe",2019,82.14647613,71.16284153,8.89282227,10.9836346
"MLT","Europe",2020,82.01477782,70.93989204,9.85403538,11.07488578
"MLT","Europe",2021,81.81193837,70.7127916,9.52782059,11.09914677
"MNE","Europe",2000,73.43360465,64.43111971,NA,9.00248494
"MNE","Europe",2001,73.45014953,64.46067402,NA,8.98947551
"MNE","Europe",2002,73.54605523,64.55458949,NA,8.99146574
"MNE","Europe",2003,73.62012454,64.62038661,NA,8.99973793000001
"MNE","Europe",2004,73.73506539,64.71909365,NA,9.01597174
"MNE","Europe",2005,73.98743557,64.92376376,NA,9.06367181
"MNE","Europe",2006,74.28740727,65.15575062,NA,9.13165665
"MNE","Europe",2007,74.67252275,65.45706283,NA,9.21545992
"MNE","Europe",2008,75.02700903,65.73795347,NA,9.28905556000001
"MNE","Europe",2009,75.38841226,66.02483995,NA,9.36357231
"MNE","Europe",2010,75.71790981,66.29244103,NA,9.42546877999999
"MNE","Europe",2011,75.9899009,66.52035962,7.96692181,9.46954128
"MNE","Europe",2012,76.17609575,66.68864336,8.29550457,9.48745239
"MNE","Europe",2013,76.3576393,66.85360452,8.47144604,9.50403478
"MNE","Europe",2014,76.62030337,67.06838565,8.00086784,9.55191772000001
"MNE","Europe",2015,76.86028429,67.25790464,9.02188778,9.60237964999999
"MNE","Europe",2016,77.06052079,67.40794945,8.63302994,9.65257134
"MNE","Europe",2017,77.14980899,67.47403935,7.98255396,9.67576964
"MNE","Europe",2018,77.222772,67.52668471,8.34355545,9.69608729000001
"MNE","Europe",2019,76.83999351,67.25294148,8.32983208,9.58705203
"MNE","Europe",2020,75.47582429,66.07260301,11.42177582,9.40322128000001
"MNE","Europe",2021,74.70975149,65.14714539,10.58380032,9.5626061
"NLD","Europe",2000,78.01203729,68.10179411,7.70382404,9.91024318
"NLD","Europe",2001,78.21818271,68.2581595,8.04176903,9.96002320999999
"NLD","Europe",2002,78.28829662,68.32504595,8.61879349,9.96325066999999
"NLD","Europe",2003,78.52543386,68.50904571,9.01979256,10.01638815
"NLD","Europe",2004,79.09591855,68.93659196,9.07156658,10.15932659
"NLD","Europe",2005,79.34144338,69.12090533,9.05984592,10.22053805
"NLD","Europe",2006,79.71293798,69.40119273,9.03575516,10.31174525
"NLD","Europe",2007,80.12725056,69.71241559,9.00052166,10.41483497
"NLD","Europe",2008,80.25577925,69.81741914,9.21819305,10.43836011
"NLD","Europe",2009,80.54360994,70.03117566,9.90839005,10.51243428
"NLD","Europe",2010,80.68591395,70.14410654,10.09452248,10.54180741
"NLD","Europe",2011,80.95610777,70.31745351,10.14537811,10.63865426
"NLD","Europe",2012,80.88872584,70.22065486,10.45467281,10.66807098
"NLD","Europe",2013,81.11693502,70.33149546,10.50247383,10.78543956
"NLD","Europe",2014,81.45622695,70.52060012,10.45699596,10.93562683
"NLD","Europe",2015,81.28069061,70.38717654,10.18857956,10.89351407
"NLD","Europe",2016,81.34048104,70.40965456,9.89148426,10.93082648
"NLD","Europe",2017,81.52798471,70.54149686,9.93712521,10.98648785
"NLD","Europe",2018,81.8952079,70.7864687,9.85083961,11.1087392
"NLD","Europe",2019,82.33882776,71.08018106,9.93616295,11.2586467
"NLD","Europe",2020,81.40141308,70.20019108,10.94954681,11.201222
"NLD","Europe",2021,81.12478594,69.96870171,11.13498974,11.15608423
"NOR","Europe",2000,78.53510862,67.82681828,7.70270586,10.70829034
"NOR","Europe",2001,78.74570455,68.00963893,8.00972462,10.73606562
"NOR","Europe",2002,78.85942368,68.1310851,8.98267078,10.72833858
"NOR","Europe",2003,79.39711298,68.54292718,9.19355106,10.8541858
"NOR","Europe",2004,79.81803393,68.86114218,8.79598331,10.95689175
"NOR","Europe",2005,80.05177352,69.05035666,8.29899502,11.00141686
"NOR","Europe",2006,80.28168328,69.22861523,7.8822999,11.05306805
"NOR","Europe",2007,80.35099102,69.30695694,8.01673985,11.04403408
"NOR","Europe",2008,80.49471477,69.42313302,7.91507673,11.07158175
"NOR","Europe",2009,80.74746239,69.62407524,9.03254128,11.12338715
"NOR","Europe",2010,80.86687696,69.74026495,8.8581152,11.12661201
"NOR","Europe",2011,80.96925391,69.83909679,8.73474026,11.13015712
"NOR","Europe",2012,81.23445235,70.13404373,8.72188568,11.10040862
"NOR","Europe",2013,81.43412297,70.32941027,8.87431335,11.1047127
"NOR","Europe",2014,81.82844761,70.67663919,9.28297901,11.15180842
"NOR","Europe",2015,81.99495023,70.85021934,10.06992245,11.14473089
"NOR","Europe",2016,82.11289124,70.91483954,10.53049755,11.1980517
"NOR","Europe",2017,82.33383151,71.0393266,10.22983646,11.29450491
"NOR","Europe",2018,82.44230107,71.059672,9.96037865,11.38262907
"NOR","Europe",2019,82.65752051,71.18469375,10.43807507,11.47282676
"NOR","Europe",2020,82.83923455,71.20376003,11.42416382,11.63547452
"NOR","Europe",2021,82.88199872,71.15530529,9.8142643,11.72669343
"POL","Europe",2000,73.69538073,64.17042325,5.26548243,9.52495748
"POL","Europe",2001,74.09873292,64.49619181,5.64010143,9.60254111
"POL","Europe",2002,74.45428635,64.78152746,6.04828405,9.67275889
"POL","Europe",2003,74.54799786,64.89496598,5.93375778,9.65303188
"POL","Europe",2004,74.76713155,65.06750848,5.84185648,9.69962307
"POL","Europe",2005,74.89551806,65.18192243,5.79073858,9.71359563
"POL","Europe",2006,75.11534037,65.36143735,5.78148365,9.75390302
"POL","Europe",2007,75.17671647,65.43629828,5.86390114,9.74041819
"POL","Europe",2008,75.43243412,65.66071291,6.35196781,9.77172121
"POL","Europe",2009,75.638685,65.85381519,6.57037735,9.78486980999999
"POL","Europe",2010,76.23355347,66.3160421,6.43533468,9.91751137
"POL","Europe",2011,76.56402189,66.57402172,6.24533606,9.99000017
"POL","Europe",2012,76.63330274,66.67028831,6.22854042,9.96301443
"POL","Europe",2013,76.86531254,66.89078821,6.44993687,9.97452433000001
"POL","Europe",2014,77.47281866,67.37068842,6.39059496,10.10213024
"POL","Europe",2015,77.27808527,67.26100543,6.36490345,10.01707984
"POL","Europe",2016,77.66853135,67.54124592,6.5470438,10.12728543
"POL","Europe",2017,77.56192606,67.46466811,6.53713226,10.09725795
"POL","Europe",2018,77.56054122,67.44057958,6.25094128,10.11996164
"POL","Europe",2019,77.72984544,67.55951536,6.38906956,10.17033008
"POL","Europe",2020,76.38788167,66.44287628,6.42739105,9.94500539000001
"POL","Europe",2021,75.4021086,65.52082086,6.3654809,9.88128774
"PRT","Europe",2000,76.58820219,66.05021215,8.60104179,10.53799004
"PRT","Europe",2001,76.92951203,66.30736553,8.62751579,10.6221465
"PRT","Europe",2002,77.14647451,66.47702921,8.78642941,10.6694453
"PRT","Europe",2003,77.31485554,66.62164225,9.12415695,10.69321329
"PRT","Europe",2004,78.12094465,67.20429545,9.5325079,10.9166492
"PRT","Europe",2005,77.99178078,67.12327394,9.65306759,10.86850684
"PRT","Europe",2006,78.74114417,67.66850736,9.35422611,11.07263681
"PRT","Europe",2007,78.95554595,67.84461115,9.25186634,11.1109348
"PRT","Europe",2008,79.19526814,68.03979995,9.58307838,11.15546819
"PRT","Europe",2009,79.40582714,68.20517852,10.13070393,11.20064862
"PRT","Europe",2010,79.74021661,68.47819768,10.01858425,11.26201893
"PRT","Europe",2011,80.24005801,68.86846299,9.71847439,11.37159502
"PRT","Europe",2012,80.21024339,68.94101346,9.64000225,11.26922993
"PRT","Europe",2013,80.52727852,69.26967382,9.39476109,11.2576047
"PRT","Europe",2014,80.89996435,69.62405061,9.33570766,11.27591374
"PRT","Europe",2015,80.89189476,69.66917134,9.33309937,11.22272342
"PRT","Europe",2016,80.90466136,69.69094827,9.39989281,11.21371309
"PRT","Europe",2017,81.14657369,69.88075715,9.32668972,11.26581654
"PRT","Europe",2018,81.06316039,69.83392869,9.42121029,11.2292317
"PRT","Europe",2019,81.36750616,70.06049234,9.50868607,11.30701382
"PRT","Europe",2020,80.81837464,69.38735957,10.52074051,11.43101507
"PRT","Europe",2021,81.17961003,69.51926959,11.22031498,11.66034044
"ROU","Europe",2000,71.14174922,62.28913023,4.20876169,8.85261899
"ROU","Europe",2001,71.21463166,62.38110374,4.37598133,8.83352792
"ROU","Europe",2002,70.90278508,62.19423757,4.57694626,8.70854751
"ROU","Europe",2003,71.23111832,62.49610439,5.37136793,8.73501392999999
"ROU","Europe",2004,71.76511513,62.94125726,5.47733593,8.82385787
"ROU","Europe",2005,72.09847343,63.25347581,5.52778196,8.84499762
"ROU","Europe",2006,72.58593443,63.66826669,5.07106066,8.91766773999999
"ROU","Europe",2007,73.13558178,64.13371789,5.02223349,9.00186389
"ROU","Europe",2008,73.30477662,64.2987414,5.02277184,9.00603522
"ROU","Europe",2009,73.44267621,64.44548405,5.27816248,8.99719216
"ROU","Europe",2010,73.69918195,64.67593225,5.63882685,9.02324969999999
"ROU","Europe",2011,74.44084112,65.27195228,4.47503996,9.16888884000001
"ROU","Europe",2012,74.34204624,65.18939549,4.50939083,9.15265075000001
"ROU","Europe",2013,75.00346495,65.71204387,5.2240696,9.29142107999999
"ROU","Europe",2014,74.86061311,65.61309198,5.0276823,9.24752113000001
"ROU","Europe",2015,74.90936922,65.67548008,4.94292021,9.23388914
"ROU","Europe",2016,75.08359177,65.82203164,5.08012772,9.26156012999999
"ROU","Europe",2017,75.11122981,65.87385501,5.18878555,9.2373748
"ROU","Europe",2018,75.12257592,65.90999824,5.51454878,9.21257768000001
"ROU","Europe",2019,75.4603753,66.17611197,5.69924641,9.28426333
"ROU","Europe",2020,74.09623224,65.02236491,6.20959711,9.07386733000001
"ROU","Europe",2021,72.76430945,63.8471267,6.45246983,8.91718275
"RUS","Europe",2000,65.15997475,56.71129914,5.01989794,8.44867561
"RUS","Europe",2001,65.100666,56.68730596,5.24284792,8.41336004
"RUS","Europe",2002,64.86108252,56.55989113,5.52166557,8.30119139
"RUS","Europe",2003,64.72303979,56.51064352,5.16368914,8.21239627
"RUS","Europe",2004,65.14346957,56.87482296,4.7603755,8.26864660999999
"RUS","Europe",2005,65.18978014,56.94903579,4.77177477,8.24074434999999
"RUS","Europe",2006,66.48842347,57.99816197,4.76654387,8.4902615
"RUS","Europe",2007,67.42224647,58.76613481,4.74792528,8.65611166000001
"RUS","Europe",2008,67.78990217,59.10538754,4.90364122,8.68451463
"RUS","Europe",2009,68.55662333,59.74632592,5.64392471,8.81029741
"RUS","Europe",2010,68.82506177,59.99400179,4.97111797,8.83105998000001
"RUS","Europe",2011,69.77052933,60.75641253,4.79491472,9.0141168
"RUS","Europe",2012,70.1880117,61.12499705,4.93637276,9.06301465000001
"RUS","Europe",2013,70.69584464,61.57400401,5.08104849,9.12184063
"RUS","Europe",2014,70.68556822,61.62716371,5.1820941,9.05840451
"RUS","Europe",2015,71.29790344,62.14558969,5.29604626,9.15231375
"RUS","Europe",2016,71.6156235,62.4338317,5.28970337,9.1817918
"RUS","Europe",2017,72.49941608,63.14521866,5.35890055,9.35419742
"RUS","Europe",2018,72.66311936,63.29247239,5.35520792,9.37064697
"RUS","Europe",2019,73.21856487,63.7170407,5.64849091,9.50152417
"RUS","Europe",2020,71.37748039,62.21581425,8.04076004,9.16166614
"RUS","Europe",2021,70.017337,60.93955704,7.0299139,9.07777996
"SRB","Europe",2000,71.49721977,62.90127293,5.80770588,8.59594684
"SRB","Europe",2001,72.28188573,63.50854903,6.19155836,8.7733367
"SRB","Europe",2002,72.31660412,63.57032795,7.24950886,8.74627617
"SRB","Europe",2003,72.44791076,63.6881794,7.30602598,8.75973136
"SRB","Europe",2004,72.65350507,63.8533161,7.63644934,8.80018896999999
"SRB","Europe",2005,72.78382532,63.97412654,8.09346867,8.80969878
"SRB","Europe",2006,73.38118952,64.43211952,8.28575706,8.94907000000001
"SRB","Europe",2007,73.57700553,64.59301025,9.01782608,8.98399527999999
"SRB","Europe",2008,73.82988623,64.79554087,9.12807178,9.03434536
"SRB","Europe",2009,73.97356349,64.92326106,8.98933506,9.05030243
"SRB","Europe",2010,74.27310939,65.16461895,9.15153027,9.10849044
"SRB","Europe",2011,74.54862943,65.39609436,8.75940418,9.15253507
"SRB","Europe",2012,74.84163486,65.63901871,8.95716667,9.20261615
"SRB","Europe",2013,75.22896744,65.94893529,8.93188286,9.28003215000001
"SRB","Europe",2014,75.32134955,66.03831055,8.85966778,9.28303899999999
"SRB","Europe",2015,75.27946837,66.02431746,8.46289921,9.25515091
"SRB","Europe",2016,75.67951218,66.33574276,8.15184307,9.34376942
"SRB","Europe",2017,75.57063328,66.27627435,7.89965153,9.29435893
"SRB","Europe",2018,75.88354818,66.52428826,8.18469906,9.35925992
"SRB","Europe",2019,75.91665371,66.55006534,8.28762531,9.36658837
"SRB","Europe",2020,74.43296608,65.31375421,8.30643559,9.11921187
"SRB","Europe",2021,72.80891574,63.87476741,9.23441029,8.93414833000001
"SVK","Europe",2000,73.32287483,63.85966953,5.30743933,9.4632053
"SVK","Europe",2001,73.45130702,63.97560542,5.34054947,9.4757016
"SVK","Europe",2002,73.72313973,64.196349,5.51793909,9.52679073
"SVK","Europe",2003,73.78042489,64.27150575,5.48400879,9.50891914
"SVK","Europe",2004,74.14711692,64.57351475,6.39662457,9.57360217
"SVK","Europe",2005,74.09775351,64.56219906,6.61619043,9.53555445000001
"SVK","Europe",2006,74.36445517,64.77473234,6.8522706,9.58972283
"SVK","Europe",2007,74.470327,64.86239516,7.17538357,9.60793183999999
"SVK","Europe",2008,74.82525921,65.13856074,6.95978355,9.68669847
"SVK","Europe",2009,75.21656698,65.45412751,7.95280409,9.76243946999999
"SVK","Europe",2010,75.44924081,65.65979341,7.67065239,9.7894474
"SVK","Europe",2011,75.93326104,66.02535594,7.31452227,9.90790510000001
"SVK","Europe",2012,76.13275335,66.21299597,7.52780581,9.91975738000001
"SVK","Europe",2013,76.47557345,66.50588615,7.48013163,9.9696873
"SVK","Europe",2014,76.83437639,66.79666969,6.86543369,10.0377067
"SVK","Europe",2015,76.59625031,66.65286281,6.74109745,9.9433875
"SVK","Europe",2016,77.15076737,67.08465567,7.06081343,10.0661117
"SVK","Europe",2017,77.09456027,67.07862706,6.73388767,10.01593321
"SVK","Europe",2018,77.19646571,67.17050624,6.63677502,10.02595947
"SVK","Europe",2019,77.61261952,67.47785011,6.91102982,10.13476941
"SVK","Europe",2020,76.86888148,66.88929213,7.06027794,9.97958935
"SVK","Europe",2021,74.50941328,64.94128359,7.62857914,9.56812969000001
"SVN","Europe",2000,76.05440169,65.98272656,7.85456371,10.07167513
"SVN","Europe",2001,76.22393944,66.07900003,7.95505714,10.14493941
"SVN","Europe",2002,76.50389555,66.27693205,8.11632538,10.2269635
"SVN","Europe",2003,76.34395429,66.14693022,8.17447376,10.19702407
"SVN","Europe",2004,77.10892927,66.6720569,7.99959517,10.43687237
"SVN","Europe",2005,77.44125575,66.9358161,8.0534668,10.50543965
"SVN","Europe",2006,78.04014469,67.35339482,7.8671999,10.68674987
"SVN","Europe",2007,78.21314391,67.49678357,7.54076052,10.71636034
"SVN","Europe",2008,78.89957706,68.03515303,7.89287567,10.86442403
"SVN","Europe",2009,79.05086528,68.1849632,8.6420126,10.86590208
"SVN","Europe",2010,79.54577335,68.56740072,8.63941956,10.97837263
"SVN","Europe",2011,79.84960348,68.81327766,8.60054302,11.03632582
"SVN","Europe",2012,79.89107651,68.88434033,8.79263687,11.00673618
"SVN","Europe",2013,80.1367942,69.09575389,8.84043884,11.04104031
"SVN","Europe",2014,80.78508516,69.62201996,8.58487225,11.1630652
"SVN","Europe",2015,80.46318817,69.41476866,8.57742882,11.04841951
"SVN","Europe",2016,80.81692358,69.71732119,8.5691185,11.09960239
"SVN","Europe",2017,80.7898907,69.79083271,8.2588892,10.99905799
"SVN","Europe",2018,80.95873943,69.97783532,8.35228634,10.98090411
"SVN","Europe",2019,81.28502446,70.23011555,8.56564522,11.05490891
"SVN","Europe",2020,80.33576726,69.46577502,9.48984432,10.86999224
"SVN","Europe",2021,80.41495666,69.35553821,9.52724361,11.05941845
"SWE","Europe",2000,79.57418828,69.26424753,7.32495546,10.30994075
"SWE","Europe",2001,79.66920996,69.3441377,7.89248943,10.32507226
"SWE","Europe",2002,79.75650347,69.44076759,8.18597412,10.31573588
"SWE","Europe",2003,80.00643909,69.63384625,8.31654263,10.37259284
"SWE","Europe",2004,80.35214323,69.88844743,8.1428194,10.4636958
"SWE","Europe",2005,80.4243719,69.95589537,8.15987301,10.46847653
"SWE","Europe",2006,80.63113222,70.09858599,8.0421772,10.53254623
"SWE","Europe",2007,80.77300072,70.20582098,7.9882226,10.56717974
"SWE","Europe",2008,80.9280163,70.31238468,8.22603607,10.61563162
"SWE","Europe",2009,81.1481904,70.45845216,8.77742958,10.68973824
"SWE","Europe",2010,81.30465771,70.5786796,8.32384682,10.72597811
"SWE","Europe",2011,81.52274171,70.72455485,10.50179005,10.79818686
"SWE","Europe",2012,81.46624768,70.65824332,10.834198,10.80800436
"SWE","Europe",2013,81.64075183,70.73608162,10.9872179,10.90467021
"SWE","Europe",2014,81.92750078,70.90962082,11.07212639,11.01787996
"SWE","Europe",2015,81.74239456,70.76303919,10.93069172,10.97935537
"SWE","Europe",2016,82.00943962,70.93983827,10.95692444,11.06960135
"SWE","Europe",2017,82.0845963,70.9817471,10.94730949,11.1028492
"SWE","Europe",2018,82.20163712,71.05753137,11.09132671,11.14410575
"SWE","Europe",2019,82.71414637,71.41293479,10.93444347,11.30121158
"SWE","Europe",2020,82.08200836,70.73289273,11.42458725,11.34911563
"SWE","Europe",2021,82.6649092,71.11832049,11.23013592,11.54658871
"TJK","Europe",2000,65.64695846,57.78954252,4.26492405,7.85741594
"TJK","Europe",2001,66.35716048,58.43295278,4.57802534,7.9242077
"TJK","Europe",2002,66.94490991,58.98353226,4.43647242,7.96137765000001
"TJK","Europe",2003,67.57088192,59.55855551,4.70218658,8.01232641000001
"TJK","Europe",2004,67.99767342,59.9678847,4.79911184,8.02978872
"TJK","Europe",2005,68.16382022,60.15937607,5.21024704,8.00444415
"TJK","Europe",2006,68.48925177,60.47303164,5.03254795,8.01622012999999
"TJK","Europe",2007,68.67357175,60.67830248,5.54050112,7.99526926999999
"TJK","Europe",2008,69.0368299,61.01202173,5.91206694,8.02480817
"TJK","Europe",2009,69.34531105,61.29599759,5.85579777,8.04931346000001
"TJK","Europe",2010,69.92200868,61.75989834,5.73543453,8.16211034
"TJK","Europe",2011,70.42452045,62.17734621,5.85971785,8.24717424
"TJK","Europe",2012,70.97199509,62.62145631,5.98185873,8.35053877999999
"TJK","Europe",2013,71.7590921,63.23903143,6.53226423,8.52006067000001
"TJK","Europe",2014,72.02059888,63.46526955,6.6654973,8.55532932999999
"TJK","Europe",2015,72.37216019,63.75502809,6.90735912,8.6171321
"TJK","Europe",2016,72.72427435,64.03980254,6.96349716,8.68447181
"TJK","Europe",2017,73.18915767,64.41197807,6.85399008,8.7771796
"TJK","Europe",2018,73.49599296,64.65983905,7.01381588,8.83615390999999
"TJK","Europe",2019,73.80997068,64.91224613,6.9476676,8.89772455000001
"TJK","Europe",2020,70.55595856,62.34402703,8.8903532,8.21193152999999
"TJK","Europe",2021,71.814877,63.0851038,8.37504482,8.7297732
"TKM","Europe",2000,65.56917712,57.83475727,4.03080034,7.73441985000001
"TKM","Europe",2001,65.9484733,58.17516451,4.7660532,7.77330879
"TKM","Europe",2002,65.87608131,58.17171385,4.10696697,7.70436746
"TKM","Europe",2003,65.88787813,58.23749643,4.97849178,7.6503817
"TKM","Europe",2004,65.61545494,58.07057681,6.18652296,7.54487813000001
"TKM","Europe",2005,65.28550391,57.84897216,5.58886814,7.43653175
"TKM","Europe",2006,65.67349206,58.18571997,4.92075682,7.48777209
"TKM","Europe",2007,66.17071827,58.60226831,3.09328628,7.56844996
"TKM","Europe",2008,66.98536912,59.25252162,3.45380449,7.7328475
"TKM","Europe",2009,68.42683026,60.39389002,2.81471276,8.03294024
"TKM","Europe",2010,69.12241685,60.94786808,3.20879436,8.17454876999999
"TKM","Europe",2011,69.23413358,61.06037968,3.22296,8.17375390000001
"TKM","Europe",2012,69.3130409,61.15099944,3.34203553,8.16204146
"TKM","Europe",2013,69.11794049,61.03313883,3.96929264,8.08480166
"TKM","Europe",2014,68.91649587,60.90374421,4.25741673,8.01275166000001
"TKM","Europe",2015,68.83222809,60.85589802,5.01652908,7.97633007
"TKM","Europe",2016,68.96406385,60.96717483,5.58718491,7.99688902
"TKM","Europe",2017,68.97743987,60.99057093,5.82361221,7.98686894
"TKM","Europe",2018,69.07787312,61.0753891,5.55298042,8.00248402
"TKM","Europe",2019,69.14190532,61.13354296,5.5522337,8.00836236000001
"TKM","Europe",2020,68.47366895,60.5071479,5.57226086,7.96652105
"TKM","Europe",2021,69.12049331,60.82372958,5.49196625,8.29676373
"TUR","Europe",2000,73.31499528,63.62814089,4.59957218,9.68685439000001
"TUR","Europe",2001,74.03517034,64.19016769,4.88784933,9.84500265
"TUR","Europe",2002,74.77351879,64.75114709,5.06227875,10.0223717
"TUR","Europe",2003,75.30413279,65.14863043,5.01427698,10.15550236
"TUR","Europe",2004,75.833599,65.55093225,4.9096446,10.28266675
"TUR","Europe",2005,76.19636776,65.84015684,4.89389706,10.35621092
"TUR","Europe",2006,76.53841522,66.13354499,5.14591694,10.40487023
"TUR","Europe",2007,76.70654932,66.31787014,5.23760796,10.38867918
"TUR","Europe",2008,76.65466357,66.34844448,5.21761751,10.30621909
"TUR","Europe",2009,76.34599074,66.18292331,5.49438715,10.16306743
"TUR","Europe",2010,76.50699578,66.32822053,5.02053452,10.17877525
"TUR","Europe",2011,76.69522957,66.47082466,4.6530509,10.22440491
"TUR","Europe",2012,76.83621576,66.55701223,4.44444656,10.27920353
"TUR","Europe",2013,76.83417226,66.53598129,4.37099934,10.29819097
"TUR","Europe",2014,76.74876869,66.46602818,4.32517862,10.28274051
"TUR","Europe",2015,76.68525905,66.43080862,4.11690426,10.25445043
"TUR","Europe",2016,76.66589183,66.43894097,4.28469229,10.22695086
"TUR","Europe",2017,77.07084923,66.77477584,4.17974997,10.29607339
"TUR","Europe",2018,77.55827507,67.16130877,4.12101603,10.3969663
"TUR","Europe",2019,77.61966184,67.23815593,4.35954332,10.38150591
"TUR","Europe",2020,76.17525576,66.03379113,4.61640215,10.14146463
"TUR","Europe",2021,75.27238945,65.20501151,4.56065559,10.06737794
"UKR","Europe",2000,67.55459596,58.78879014,5.30685186,8.76580582
"UKR","Europe",2001,67.7115647,58.92786507,5.72534418,8.78369962999999
"UKR","Europe",2002,67.49385199,58.82061659,5.99220037,8.6732354
"UKR","Europe",2003,67.52472284,58.92816676,6.54574108,8.59655607999999
"UKR","Europe",2004,67.43010343,58.90960847,6.16856956,8.52049496
"UKR","Europe",2005,67.10598289,58.70978839,6.3461585,8.39619450000001
"UKR","Europe",2006,67.7845536,59.26217003,6.4171896,8.52238357
"UKR","Europe",2007,67.5915603,59.12090015,6.01776791,8.47066015
"UKR","Europe",2008,67.905744,59.38656964,5.49754429,8.51917436
"UKR","Europe",2009,69.49300841,60.65561268,6.60991716,8.83739573
"UKR","Europe",2010,70.14904515,61.19824601,6.81387615,8.95079914000001
"UKR","Europe",2011,70.93317751,61.8131051,6.81669855,9.12007240999999
"UKR","Europe",2012,71.09437239,61.95328687,7.11789227,9.14108552
"UKR","Europe",2013,71.55330688,62.33264518,6.94358015,9.22066169999999
"UKR","Europe",2014,70.89072091,61.80662161,7.19506168,9.0840993
"UKR","Europe",2015,72.14894514,62.79655305,7.78352833,9.35239209
"UKR","Europe",2016,72.62863559,63.17074823,7.55205393,9.45788736
"UKR","Europe",2017,73.00099017,63.45634858,7.44610357,9.54464159
"UKR","Europe",2018,72.71826067,63.24698516,7.52051353,9.47127551
"UKR","Europe",2019,73.00449182,63.47307784,7.09389353,9.53141398
"UKR","Europe",2020,72.49786713,62.9945096,7.56217051,9.50335753
"UKR","Europe",2021,70.90674708,61.55215691,8.2027483,9.35459017
"UZB","Europe",2000,61.67667881,54.69814131,5.13293362,6.9785375
"UZB","Europe",2001,62.16554368,55.10808508,5.23737431,7.0574586
"UZB","Europe",2002,62.19230023,55.17682999,5.14164925,7.01547024
"UZB","Europe",2003,62.74285785,55.66345301,5.1882515,7.07940484
"UZB","Europe",2004,63.42369036,56.23834833,4.84063768,7.18534203
"UZB","Europe",2005,63.20028511,56.10851486,4.781991,7.09177025
"UZB","Europe",2006,64.19601086,56.94115331,4.75141335,7.25485755
"UZB","Europe",2007,64.796684,57.46807648,4.54267979,7.32860752
"UZB","Europe",2008,65.44084852,58.02884428,4.70447445,7.41200424
"UZB","Europe",2009,66.2800996,58.72861329,4.79649639,7.55148631
"UZB","Europe",2010,66.71556004,59.1249206,5.29938841,7.59063944
"UZB","Europe",2011,67.18064136,59.53182238,5.26245499,7.64881898
"UZB","Europe",2012,67.64432032,59.92960388,5.54822111,7.71471644
"UZB","Europe",2013,68.3723982,60.5299564,5.71896601,7.8424418
"UZB","Europe",2014,68.81484391,60.90853147,4.43092394,7.90631243999999
"UZB","Europe",2015,69.42591804,61.39346575,4.73596573,8.03245229
"UZB","Europe",2016,69.95773109,61.81403306,4.71504498,8.14369803
"UZB","Europe",2017,70.40271496,62.17383981,4.30888557,8.22887515
"UZB","Europe",2018,71.46640597,62.9945615,4.55261564,8.47184446999999
"UZB","Europe",2019,72.27007322,63.62098233,4.83520985,8.64909089
"UZB","Europe",2020,71.36099727,62.81750336,6.08597755,8.54349391
"UZB","Europe",2021,72.18877681,63.3588737,6.92742586,8.82990311
"BGD","South-East Asia",2000,65.36178128,56.66076491,1.80504513,8.70101637
"BGD","South-East Asia",2001,65.95954098,57.17861643,1.77201855,8.78092455
"BGD","South-East Asia",2002,66.35390682,57.54182909,1.93417108,8.81207773000001
"BGD","South-East Asia",2003,66.7835174,57.91538491,1.96152198,8.86813248999999
"BGD","South-East Asia",2004,67.36950715,58.40124021,1.99854314,8.96826694000001
"BGD","South-East Asia",2005,67.78759761,58.75864436,2.05873919,9.02895325000001
"BGD","South-East Asia",2006,68.09324389,59.04145449,2.10646582,9.0517894
"BGD","South-East Asia",2007,68.42856138,59.35356057,2.17268491,9.07500081000001
"BGD","South-East Asia",2008,69.03267464,59.87079877,2.11878848,9.16187587
"BGD","South-East Asia",2009,69.60483119,60.35920023,2.18321705,9.24563096
"BGD","South-East Asia",2010,70.06425679,60.75872649,2.28807664,9.3055303
"BGD","South-East Asia",2011,71.08337441,61.53790024,2.36418128,9.54547417000001
"BGD","South-East Asia",2012,72.09310158,62.28676798,2.3537879,9.8063336
"BGD","South-East Asia",2013,72.59072924,62.69090079,2.29574466,9.89982845
"BGD","South-East Asia",2014,72.77669075,62.88173258,2.27915168,9.89495817
"BGD","South-East Asia",2015,73.19207211,63.21754422,2.27217698,9.97452789
"BGD","South-East Asia",2016,73.44362068,63.44649527,2.38938212,9.99712541
"BGD","South-East Asia",2017,73.37868377,63.46849871,2.36720181,9.91018506
"BGD","South-East Asia",2018,73.67380343,63.73656508,2.31622243,9.93723835000001
"BGD","South-East Asia",2019,73.94958231,63.97887364,2.12712646,9.97070866999999
"BGD","South-East Asia",2020,73.29812993,63.34375913,2.18254924,9.9543708
"BGD","South-East Asia",2021,73.10251672,63.05118978,2.26678729,10.05132694
"BTN","South-East Asia",2000,65.98956136,57.24386019,4.13867903,8.74570117
"BTN","South-East Asia",2001,67.18030943,58.23620267,4.60037947,8.94410676
"BTN","South-East Asia",2002,67.84566543,58.80103349,3.95161104,9.04463194
"BTN","South-East Asia",2003,68.38453582,59.27352148,3.83481455,9.11101434
"BTN","South-East Asia",2004,68.88514264,59.71108122,4.26397753,9.17406142
"BTN","South-East Asia",2005,69.36895355,60.13571928,3.83308983,9.23323427
"BTN","South-East Asia",2006,69.95563044,60.64007629,4.08523893,9.31555414999999
"BTN","South-East Asia",2007,70.47630807,61.09336369,3.83774948,9.38294438
"BTN","South-East Asia",2008,70.90903814,61.47415743,3.14842224,9.43488071000001
"BTN","South-East Asia",2009,71.27007127,61.79672445,3.29665017,9.47334682
"BTN","South-East Asia",2010,71.72710313,62.1953608,3.25758624,9.53174233
"BTN","South-East Asia",2011,72.1269544,62.54102738,3.02062726,9.58592702
"BTN","South-East Asia",2012,72.45535288,62.82743019,3.25988412,9.62792269
"BTN","South-East Asia",2013,72.72164626,63.0619248,3.34862685,9.65972146
"BTN","South-East Asia",2014,72.91360226,63.23381195,3.23226452,9.67979031
"BTN","South-East Asia",2015,73.07489389,63.37870537,3.43653083,9.69618852
"BTN","South-East Asia",2016,73.28424565,63.56484697,3.27756715,9.71939868
"BTN","South-East Asia",2017,73.54716542,63.79693901,3.11215067,9.75022641
"BTN","South-East Asia",2018,73.75301201,63.9807311,3.06896734,9.77228091000001
"BTN","South-East Asia",2019,73.93027807,64.13496582,3.37511158,9.79531225
"BTN","South-East Asia",2020,74.45119684,64.4680744,4.08451509,9.98312243999999
"BTN","South-East Asia",2021,74.87642848,64.80462869,4.78581429,10.07179979
"IND","South-East Asia",2000,63.19893734,54.12927341,4.10568476,9.06966393
"IND","South-East Asia",2001,63.6569119,54.5233381,4.33754253,9.1335738
"IND","South-East Asia",2002,64.16827815,54.96114836,4.31453371,9.20712979
"IND","South-East Asia",2003,64.58440423,55.33752263,4.07877731,9.2468816
"IND","South-East Asia",2004,65.06317912,55.74235134,4.02679491,9.32082778
"IND","South-East Asia",2005,65.53031169,56.13572764,3.85508275,9.39458405000001
"IND","South-East Asia",2006,65.87842362,56.45951071,3.66901541,9.41891291
"IND","South-East Asia",2007,66.09434841,56.7025103,3.58103991,9.39183811
"IND","South-East Asia",2008,66.42718453,57.02020583,3.58856082,9.4069787
"IND","South-East Asia",2009,67.04997477,57.53239695,3.54637694,9.51757782000001
"IND","South-East Asia",2010,67.480793,57.90738223,3.33625913,9.57341077
"IND","South-East Asia",2011,67.83941098,58.23393254,3.24634218,9.60547844
"IND","South-East Asia",2012,68.2280584,58.56535664,3.32935286,9.66270176
"IND","South-East Asia",2013,68.51609058,58.8462638,3.74944186,9.66982677999999
"IND","South-East Asia",2014,68.91972988,59.21294436,3.61956549,9.70678552
"IND","South-East Asia",2015,69.3779891,59.59041418,3.59565973,9.78757491999999
"IND","South-East Asia",2016,69.7812294,59.94632849,3.50430417,9.83490091
"IND","South-East Asia",2017,70.06082604,60.23691173,2.93597651,9.82391430999999
"IND","South-East Asia",2018,70.35439242,60.54437711,2.8584938,9.81001531
"IND","South-East Asia",2019,70.72711152,60.88252939,2.95299792,9.84458212999999
"IND","South-East Asia",2020,70.1869093,60.35599285,3.34146094,9.83091645
"IND","South-East Asia",2021,67.30780612,58.14674818,3.34680939,9.16105793999999
"LKA","South-East Asia",2000,71.51130083,62.39598989,4.10818672,9.11531093999999
"LKA","South-East Asia",2001,72.65351771,63.30093251,4.05662823,9.3525852
"LKA","South-East Asia",2002,73.3381305,63.87509448,4.03715754,9.46303602
"LKA","South-East Asia",2003,73.36803088,63.93344308,3.64646697,9.4345878
"LKA","South-East Asia",2004,69.11941478,60.39277782,4.03912592,8.72663696
"LKA","South-East Asia",2005,73.48476487,64.02599873,3.87908745,9.45876614000001
"LKA","South-East Asia",2006,73.35813965,63.92951142,3.85019565,9.42862823
"LKA","South-East Asia",2007,73.81640208,64.31230485,3.82258177,9.50409723
"LKA","South-East Asia",2008,73.1378661,63.74989029,3.85482955,9.38797580999999
"LKA","South-East Asia",2009,72.41934945,63.09452782,4.05676842,9.32482163
"LKA","South-East Asia",2010,74.13617419,64.52185956,3.7414515,9.61431463000001
"LKA","South-East Asia",2011,74.95837466,65.23811462,3.5819521,9.72026004
"LKA","South-East Asia",2012,75.63306733,65.76099146,3.30659294,9.87207587
"LKA","South-East Asia",2013,75.82006448,65.91499156,3.69365358,9.90507292
"LKA","South-East Asia",2014,76.17612763,66.18862004,3.46786141,9.98750758999999
"LKA","South-East Asia",2015,76.44590803,66.39367539,3.6826396,10.05223264
"LKA","South-East Asia",2016,76.7665914,66.61393162,3.61788416,10.15265978
"LKA","South-East Asia",2017,76.91196371,66.72183611,3.33093429,10.1901276
"LKA","South-East Asia",2018,77.17579214,66.91540428,3.6418879,10.26038786
"LKA","South-East Asia",2019,77.45083261,67.08723464,3.70119572,10.36359797
"LKA","South-East Asia",2020,80.65621609,69.25131518,4.27431631,11.40490091
"LKA","South-East Asia",2021,77.22895472,66.72826261,5.19427729,10.50069211
"MDV","South-East Asia",2000,69.82223985,61.3881226,7.73655844,8.43411725
"MDV","South-East Asia",2001,70.45676102,61.99540615,8.21364975,8.46135487
"MDV","South-East Asia",2002,71.06296933,62.61689796,8.78440189,8.44607137
"MDV","South-East Asia",2003,71.62171461,63.19679084,6.77857542,8.42492377
"MDV","South-East Asia",2004,71.34887566,63.02695513,7.48356962,8.32192053000001
"MDV","South-East Asia",2005,72.865727,64.35746803,8.82753372,8.50825897
"MDV","South-East Asia",2006,73.36205884,64.80636661,8.04819012,8.55569223
"MDV","South-East Asia",2007,73.714686,65.14310898,8.30568123,8.57157702000001
"MDV","South-East Asia",2008,74.09191071,65.48866296,11.47104168,8.60324774999999
"MDV","South-East Asia",2009,74.43155141,65.79660249,10.0928812,8.63494892
"MDV","South-East Asia",2010,74.73135148,66.0724815,8.48758984,8.65886998000001
"MDV","South-East Asia",2011,75.10252928,66.38750708,7.92251587,8.71502219999999
"MDV","South-East Asia",2012,75.84622735,66.94487486,8.67304802,8.90135249000001
"MDV","South-East Asia",2013,76.29978199,67.30624331,8.15509319,8.99353868
"MDV","South-East Asia",2014,76.80961188,67.70129118,7.91345072,9.10832070000001
"MDV","South-East Asia",2015,77.25297582,68.04177061,8.68310642,9.21120521
"MDV","South-East Asia",2016,77.72035574,68.39916027,10.23337078,9.32119547000001
"MDV","South-East Asia",2017,78.16955603,68.74164153,9.14948273,9.4279145
"MDV","South-East Asia",2018,78.67792046,69.13220217,7.2940383,9.54571829
"MDV","South-East Asia",2019,75.44939578,66.93412668,7.50238085,8.5152691
"MDV","South-East Asia",2020,76.1908817,67.37667395,11.43943214,8.81420775000001
"MDV","South-East Asia",2021,75.39664085,66.6741995,8.85169506,8.72244135
"MMR","South-East Asia",2000,59.37966802,52.42012462,2.00781965,6.95954339999999
"MMR","South-East Asia",2001,59.77708716,52.78231478,2.16208982,6.99477238
"MMR","South-East Asia",2002,60.19994618,53.18356431,2.59446764,7.01638187
"MMR","South-East Asia",2003,60.64224077,53.61280642,2.3959713,7.02943435
"MMR","South-East Asia",2004,61.06960565,54.03129443,2.33253765,7.03831122
"MMR","South-East Asia",2005,61.61985762,54.53524151,2.3447094,7.08461611
"MMR","South-East Asia",2006,62.15642058,55.02825852,2.26559186,7.12816206
"MMR","South-East Asia",2007,62.77565744,55.59462776,2.03606868,7.18102968
"MMR","South-East Asia",2008,56.90830711,50.52095369,2.12175322,6.38735342
"MMR","South-East Asia",2009,63.9906783,56.61091809,2.17283702,7.37976021
"MMR","South-East Asia",2010,64.64371806,57.1822987,1.96793783,7.46141936
"MMR","South-East Asia",2011,65.22860154,57.68494956,1.95077813,7.54365198
"MMR","South-East Asia",2012,65.86631653,58.22744535,2.43605232,7.63887118
"MMR","South-East Asia",2013,66.44771624,58.72829882,3.11112022,7.71941742000001
"MMR","South-East Asia",2014,67.0395851,59.22982027,4.14940882,7.80976483
"MMR","South-East Asia",2015,67.42672255,59.55919623,5.19711542,7.86752632
"MMR","South-East Asia",2016,67.8624826,59.91967714,4.76220942,7.94280546000001
"MMR","South-East Asia",2017,67.95077876,59.95560189,4.6921258,7.99517687000001
"MMR","South-East Asia",2018,68.55999093,60.46783048,4.53514671,8.09216045
"MMR","South-East Asia",2019,68.80517618,60.66155073,3.814466,8.14362545
"MMR","South-East Asia",2020,68.86849549,60.68569606,4.27808714,8.18279943
"MMR","South-East Asia",2021,67.84580637,59.75064952,5.53530645,8.09515685
"NPL","South-East Asia",2000,65.36598722,56.05598582,3.13292074,9.3100014
"NPL","South-East Asia",2001,66.16930825,56.72160677,3.81229901,9.44770148
"NPL","South-East Asia",2002,66.45258988,56.95147856,3.93863344,9.50111132000001
"NPL","South-East Asia",2003,67.3578409,57.73608973,3.8560729,9.62175117
"NPL","South-East Asia",2004,67.69735163,58.04667696,4.04629898,9.65067467
"NPL","South-East Asia",2005,68.18944823,58.49344043,3.95095325,9.6960078
"NPL","South-East Asia",2006,68.54567896,58.8231718,3.54402447,9.72250716000001
"NPL","South-East Asia",2007,68.80504578,59.07611159,3.67297482,9.72893419
"NPL","South-East Asia",2008,69.03486842,59.29297918,3.81756353,9.74188923999999
"NPL","South-East Asia",2009,69.26898964,59.51382686,3.90179515,9.75516278
"NPL","South-East Asia",2010,69.47191971,59.706686,4.36131525,9.76523371
"NPL","South-East Asia",2011,69.60828031,59.8589232,4.45220184,9.74935711
"NPL","South-East Asia",2012,69.78951932,60.04891159,4.49078751,9.74060772999999
"NPL","South-East Asia",2013,69.97888467,60.246159,4.63012981,9.73272567
"NPL","South-East Asia",2014,70.19243321,60.45562633,5.07549381,9.73680688
"NPL","South-East Asia",2015,69.77673885,60.12382317,5.46615553,9.65291568
"NPL","South-East Asia",2016,70.59248,60.81948852,5.42378998,9.77299148
"NPL","South-East Asia",2017,70.84484004,61.05865313,4.72174025,9.78618690999999
"NPL","South-East Asia",2018,71.10245577,61.29777136,4.52845383,9.80468441000001
"NPL","South-East Asia",2019,71.36142995,61.52749847,4.44524717,9.83393148
"NPL","South-East Asia",2020,70.98964531,61.09515422,5.2080965,9.89449109
"NPL","South-East Asia",2021,70.04936795,60.20389397,5.53498316,9.84547398
"PRK","South-East Asia",2000,62.51800133,55.87897321,NA,6.63902812
"PRK","South-East Asia",2001,62.62928485,56.00342408,NA,6.62586077
"PRK","South-East Asia",2002,62.79218596,56.19171066,NA,6.6004753
"PRK","South-East Asia",2003,69.38323785,61.89351103,NA,7.48972682
"PRK","South-East Asia",2004,69.49692995,62.03857722,NA,7.45835272999999
"PRK","South-East Asia",2005,69.62778426,62.17300351,NA,7.45478075
"PRK","South-East Asia",2006,69.70476861,62.24851634,NA,7.45625227
"PRK","South-East Asia",2007,69.69220494,62.24823339,NA,7.44397154999999
"PRK","South-East Asia",2008,69.79894796,62.35475799,NA,7.44418997
"PRK","South-East Asia",2009,69.87200709,62.43112173,NA,7.44088536
"PRK","South-East Asia",2010,70.02263868,62.571299,NA,7.45133968
"PRK","South-East Asia",2011,70.26241873,62.78552409,NA,7.47689463999999
"PRK","South-East Asia",2012,70.53323819,63.02190157,NA,7.51133662000001
"PRK","South-East Asia",2013,70.83607796,63.28079954,NA,7.55527842
"PRK","South-East Asia",2014,71.13791927,63.5327082,NA,7.60521107
"PRK","South-East Asia",2015,71.407681,63.75536446,NA,7.65231653999999
"PRK","South-East Asia",2016,71.62258579,63.92894047,NA,7.69364532
"PRK","South-East Asia",2017,71.92237066,64.17906502,NA,7.74330564
"PRK","South-East Asia",2018,72.10726148,64.33556305,NA,7.77169843
"PRK","South-East Asia",2019,72.31891378,64.50926227,NA,7.80965151000001
"PRK","South-East Asia",2020,72.37904945,64.55898043,NA,7.82006901999999
"PRK","South-East Asia",2021,72.6431485,64.73145093,NA,7.91169757
"THA","South-East Asia",2000,71.0119193,62.20677683,3.10125351,8.80514247
"THA","South-East Asia",2001,71.72869386,62.78749325,3.02623773,8.94120061000001
"THA","South-East Asia",2002,71.71439141,62.82031733,3.334723,8.89407408
"THA","South-East Asia",2003,72.03975902,63.11044331,3.24312782,8.92931571
"THA","South-East Asia",2004,72.04096222,63.14439898,3.13893151,8.89656324
"THA","South-East Asia",2005,72.83579766,63.81845405,3.15972233,9.01734361
"THA","South-East Asia",2006,73.40943067,64.29889401,3.09970832,9.11053666000001
"THA","South-East Asia",2007,73.93719029,64.74650098,3.19277525,9.19068931000001
"THA","South-East Asia",2008,74.46372111,65.19288149,3.45933938,9.27083961999999
"THA","South-East Asia",2009,75.05244639,65.6737172,3.61939645,9.37872919
"THA","South-East Asia",2010,75.29127601,65.87834755,3.39009809,9.41292846
"THA","South-East Asia",2011,75.71879745,66.20724983,3.56825495,9.51154762
"THA","South-East Asia",2012,76.18036117,66.55559648,3.5229404,9.62476468999999
"THA","South-East Asia",2013,76.54383011,66.83509163,3.45313334,9.70873848000001
"THA","South-East Asia",2014,76.7567559,67.00258723,3.68448091,9.75416867
"THA","South-East Asia",2015,76.97043175,67.16389632,3.8522861,9.80653543
"THA","South-East Asia",2016,76.9976755,67.18590242,3.93900609,9.81177308
"THA","South-East Asia",2017,77.22944399,67.36173837,3.85276842,9.86770562
"THA","South-East Asia",2018,77.14916132,67.31018758,3.87040329,9.83897374
"THA","South-East Asia",2019,76.92495279,67.1419192,3.78911877,9.78303359
"THA","South-East Asia",2020,76.50524949,66.74703575,4.35724688,9.75821374
"THA","South-East Asia",2021,75.29014364,65.75672573,5.15399981,9.53341791
"TLS","South-East Asia",2000,62.86576561,53.9796347,NA,8.88613091
"TLS","South-East Asia",2001,63.41630684,54.52251321,NA,8.89379363
"TLS","South-East Asia",2002,63.92197693,55.12944688,NA,8.79253005
"TLS","South-East Asia",2003,64.51597993,55.86769319,2.84187031,8.64828674
"TLS","South-East Asia",2004,65.10952919,56.57515192,4.26103544,8.53437727
"TLS","South-East Asia",2005,65.67751029,57.17440856,5.28044748,8.50310173
"TLS","South-East Asia",2006,65.99128891,57.48205394,6.00192022,8.50923496999999
"TLS","South-East Asia",2007,66.33184634,57.81711662,5.64793253,8.51472972
"TLS","South-East Asia",2008,66.57678716,58.0743851,6.96563959,8.50240205999999
"TLS","South-East Asia",2009,66.64368547,58.18446663,7.30931807,8.45921883999999
"TLS","South-East Asia",2010,67.00361983,58.52575552,6.47058821,8.47786431000001
"TLS","South-East Asia",2011,67.28464088,58.83414285,6.86541462,8.45049803
"TLS","South-East Asia",2012,67.450997,59.04229675,6.99215221,8.40870025
"TLS","South-East Asia",2013,67.45652515,59.1302661,8.5323782,8.32625905
"TLS","South-East Asia",2014,67.48250838,59.2249725,7.59958553,8.25753588
"TLS","South-East Asia",2015,67.83593705,59.53863395,7.69146681,8.2973031
"TLS","South-East Asia",2016,68.07445467,59.72160443,6.94250727,8.35285024
"TLS","South-East Asia",2017,68.23558592,59.81077206,6.80442286,8.42481386000001
"TLS","South-East Asia",2018,68.36839208,59.87774399,6.40227413,8.49064809000001
"TLS","South-East Asia",2019,68.49880356,59.97414469,4.99218798,8.52465887
"TLS","South-East Asia",2020,68.91671885,60.295978,7.26445007,8.62074085
"TLS","South-East Asia",2021,67.99671222,59.53126836,4.9192977,8.46544386000001
"AUS","Western Pacific",2000,79.69831946,68.11233396,7.58869076,11.5859855
"AUS","Western Pacific",2001,80.12984228,68.41082197,7.67391729,11.71902031
"AUS","Western Pacific",2002,80.19005718,68.43920232,7.87221003,11.75085486
"AUS","Western Pacific",2003,80.56634063,68.6804291,7.87659502,11.88591153
"AUS","Western Pacific",2004,80.75565777,68.80197201,8.08257675,11.95368576
"AUS","Western Pacific",2005,80.84134964,68.84537312,7.9648633,11.99597652
"AUS","Western Pacific",2006,81.04245453,68.98833593,7.97161102,12.0541186
"AUS","Western Pacific",2007,81.37282665,69.21970369,8.0517149,12.15312296
"AUS","Western Pacific",2008,81.32192176,69.19393995,8.24737453,12.12798181
"AUS","Western Pacific",2009,81.75260531,69.49159575,8.54273987,12.26100956
"AUS","Western Pacific",2010,81.91408232,69.62732322,8.4193306,12.2867591
"AUS","Western Pacific",2011,81.93172968,69.65596114,8.53425312,12.27576854
"AUS","Western Pacific",2012,82.27247326,69.93422223,8.67020702,12.33825103
"AUS","Western Pacific",2013,82.46342447,70.09443752,8.7465601,12.36898695
"AUS","Western Pacific",2014,82.36885018,70.06493221,9.82833862,12.30391797
"AUS","Western Pacific",2015,82.287472,70.03689916,10.13642025,12.25057284
"AUS","Western Pacific",2016,82.59341791,70.26542415,10.08958244,12.32799376
"AUS","Western Pacific",2017,82.67971308,70.31750379,10.10880566,12.36220929
"AUS","Western Pacific",2018,83.02313357,70.54178743,10.08907509,12.48134614
"AUS","Western Pacific",2019,82.64234014,70.25644524,10.25421429,12.3858949
"AUS","Western Pacific",2020,83.36758916,70.73290197,10.70324135,12.63468719
"AUS","Western Pacific",2021,83.10183853,70.60635821,10.51612186,12.49548032
"BRN","Western Pacific",2000,75.50502993,66.29083228,2.5479064,9.21419765
"BRN","Western Pacific",2001,75.6811134,66.44576054,2.5465107,9.23535286000001
"BRN","Western Pacific",2002,75.90522385,66.62585294,2.53447938,9.27937091
"BRN","Western Pacific",2003,76.10651217,66.7866741,2.60260582,9.31983807
"BRN","Western Pacific",2004,76.2980122,66.93539875,2.55193377,9.36261345
"BRN","Western Pacific",2005,76.47714892,67.07767975,2.23386168,9.39946917
"BRN","Western Pacific",2006,76.58480393,67.16622547,1.9072516,9.41857846000001
"BRN","Western Pacific",2007,76.66441769,67.23901882,1.94145441,9.42539887
"BRN","Western Pacific",2008,76.7179356,67.28870107,1.87612021,9.42923453
"BRN","Western Pacific",2009,76.87788068,67.41169484,2.39306617,9.46618584000001
"BRN","Western Pacific",2010,76.97095289,67.47682397,2.27826095,9.49412892000001
"BRN","Western Pacific",2011,76.98951902,67.48461231,1.86409724,9.50490671
"BRN","Western Pacific",2012,76.89700471,67.407164,1.85097206,9.48984071000001
"BRN","Western Pacific",2013,76.81966837,67.33817259,1.898314,9.48149578
"BRN","Western Pacific",2014,76.65808603,67.20580317,1.91436803,9.45228286000001
"BRN","Western Pacific",2015,76.55761257,67.11284661,2.38708901,9.44476596
"BRN","Western Pacific",2016,76.41822612,66.99772489,2.54828691,9.42050123
"BRN","Western Pacific",2017,76.40513341,66.96490862,2.27022862,9.44022479
"BRN","Western Pacific",2018,76.40808264,66.94433798,2.41600895,9.46374466
"BRN","Western Pacific",2019,76.67529662,67.07844489,2.23100758,9.59685173
"BRN","Western Pacific",2020,76.76421584,67.07754346,2.45359564,9.68667238
"BRN","Western Pacific",2021,76.92260844,67.1035797,2.14748693,9.81902874000001
"CHN","Western Pacific",2000,70.83886138,63.13352498,4.4535861,7.7053364
"CHN","Western Pacific",2001,71.13400253,63.40827723,4.19752026,7.7257253
"CHN","Western Pacific",2002,71.4546616,63.69965084,4.32156181,7.75501076
"CHN","Western Pacific",2003,71.68827313,63.9308959,4.35460472,7.75737723
"CHN","Western Pacific",2004,71.93150989,64.16723117,4.22949076,7.76427872000001
"CHN","Western Pacific",2005,72.44256077,64.60210735,4.11230803,7.84045342
"CHN","Western Pacific",2006,73.28900157,65.28233172,3.88655019,8.00666985
"CHN","Western Pacific",2007,73.8389379,65.75216548,3.61737728,8.08677242
"CHN","Western Pacific",2008,73.99659977,65.91809038,3.83627748,8.07850939000001
"CHN","Western Pacific",2009,74.38654953,66.2762444,4.27631998,8.11030513
"CHN","Western Pacific",2010,74.65168239,66.51095588,4.15821123,8.14072651000001
"CHN","Western Pacific",2011,75.03511843,66.81696284,4.26719379,8.21815559
"CHN","Western Pacific",2012,75.48068539,67.15763099,4.49046612,8.3230544
"CHN","Western Pacific",2013,75.84030781,67.43238082,4.63882637,8.40792698999999
"CHN","Western Pacific",2014,76.19910536,67.70090126,4.69880247,8.49820410000001
"CHN","Western Pacific",2015,76.5103545,67.93292823,4.85367584,8.57742627
"CHN","Western Pacific",2016,76.71571735,68.0808607,4.88338089,8.63485665
"CHN","Western Pacific",2017,76.94625698,68.22865018,4.9695034,8.7176068
"CHN","Western Pacific",2018,77.14021145,68.34465944,5.06933308,8.79555201
"CHN","Western Pacific",2019,77.31273653,68.45295916,5.26516867,8.85977736999999
"CHN","Western Pacific",2020,77.48113543,68.51324163,5.50441837,8.9678938
"CHN","Western Pacific",2021,77.61619672,68.58451615,5.25590324,9.03168057000001
"FJI","Western Pacific",2000,65.82507716,58.12833805,3.42441177,7.69673911
"FJI","Western Pacific",2001,66.34541639,58.53526725,2.90547299,7.81014914
"FJI","Western Pacific",2002,66.70441423,58.82841827,2.98349524,7.87599596
"FJI","Western Pacific",2003,66.62544107,58.79345885,2.97298193,7.83198221999999
"FJI","Western Pacific",2004,67.12182465,59.18065486,3.25768542,7.94116979
"FJI","Western Pacific",2005,67.08454719,59.15372058,3.25656676,7.93082661
"FJI","Western Pacific",2006,67.08069927,59.16438166,3.34798193,7.91631761
"FJI","Western Pacific",2007,67.10363711,59.2151007,3.41514993,7.88853640999999
"FJI","Western Pacific",2008,67.02758771,59.19175356,3.18467116,7.83583415
"FJI","Western Pacific",2009,67.25290005,59.38987557,3.53587627,7.86302447999999
"FJI","Western Pacific",2010,67.3135839,59.45155411,3.41664124,7.86202979
"FJI","Western Pacific",2011,67.39745191,59.51305494,3.14293504,7.88439697
"FJI","Western Pacific",2012,67.51183712,59.58449814,3.2655499,7.92733898
"FJI","Western Pacific",2013,67.62910016,59.66000531,3.20040679,7.96909484999999
"FJI","Western Pacific",2014,67.72103011,59.71380054,3.36860466,8.00722957
"FJI","Western Pacific",2015,67.8018416,59.75281312,3.32468939,8.04902848
"FJI","Western Pacific",2016,67.7499939,59.67346535,3.27979708,8.07652855000001
"FJI","Western Pacific",2017,67.87169424,59.74033144,3.18689561,8.1313628
"FJI","Western Pacific",2018,67.86709271,59.7014708,4.10572624,8.16562190999999
"FJI","Western Pacific",2019,67.86595098,59.67094027,4.28229284,8.19501070999999
"FJI","Western Pacific",2020,67.71119355,59.51168856,5.28987408,8.19950499
"FJI","Western Pacific",2021,65.50058445,57.6905562,7.06084681,7.81002825
"FSM","Western Pacific",2000,63.55831516,56.27806873,7.76511145,7.28024643
"FSM","Western Pacific",2001,63.81961029,56.49363594,8.48781967,7.32597435
"FSM","Western Pacific",2002,62.91664429,55.70038986,7.96301365,7.21625443
"FSM","Western Pacific",2003,64.10175678,56.71821744,9.65028286,7.38353934000001
"FSM","Western Pacific",2004,64.15853132,56.76881546,12.23538685,7.38971586
"FSM","Western Pacific",2005,64.2139938,56.8112096,17.94844818,7.4027842
"FSM","Western Pacific",2006,64.28893329,56.85806664,10.87018681,7.43086665000001
"FSM","Western Pacific",2007,64.36936061,56.90553045,11.23334217,7.46383016
"FSM","Western Pacific",2008,64.49273801,56.99096004,12.08326721,7.50177797
"FSM","Western Pacific",2009,64.68062183,57.13402743,12.68854141,7.5465944
"FSM","Western Pacific",2010,64.77779493,57.20880998,13.3306675,7.56898495
"FSM","Western Pacific",2011,64.90882285,57.31419782,13.222826,7.59462503000001
"FSM","Western Pacific",2012,65.02895443,57.41451254,12.39077377,7.61444189
"FSM","Western Pacific",2013,65.16296685,57.53004989,12.21770954,7.63291696
"FSM","Western Pacific",2014,65.26774587,57.62074903,11.83491802,7.64699684
"FSM","Western Pacific",2015,65.32541233,57.66984303,12.62341213,7.6555693
"FSM","Western Pacific",2016,65.5242044,57.8282769,13.33481121,7.6959275
"FSM","Western Pacific",2017,65.6570782,57.92765453,12.40742493,7.72942367
"FSM","Western Pacific",2018,65.82693994,58.05986764,11.93961334,7.7670723
"FSM","Western Pacific",2019,65.9434567,58.15153241,11.87363148,7.79192429
"FSM","Western Pacific",2020,65.67162273,57.97486396,11.98479271,7.69675877
"FSM","Western Pacific",2021,65.70956674,57.931186,11.37430477,7.77838074
"IDN","Western Pacific",2000,67.20520958,59.43292664,1.85297656,7.77228294
"IDN","Western Pacific",2001,67.44224013,59.66430336,2.11850214,7.77793677
"IDN","Western Pacific",2002,67.65122104,59.8817491,1.98062706,7.76947194
"IDN","Western Pacific",2003,67.84714276,60.0873153,2.24837184,7.75982746
"IDN","Western Pacific",2004,66.25106515,58.77030709,2.12002277,7.48075806
"IDN","Western Pacific",2005,68.2347183,60.468959,2.53189397,7.7657593
"IDN","Western Pacific",2006,68.40129097,60.63277366,2.61946416,7.76851731000001
"IDN","Western Pacific",2007,68.63781807,60.85734957,2.82385564,7.7804685
"IDN","Western Pacific",2008,68.84079087,61.05417545,2.54842305,7.78661542
"IDN","Western Pacific",2009,69.0239077,61.23210992,2.62324095,7.79179778
"IDN","Western Pacific",2010,69.23625966,61.43112405,2.7908783,7.80513561
"IDN","Western Pacific",2011,69.52313433,61.68660325,2.98942471,7.83653108000001
"IDN","Western Pacific",2012,69.79466506,61.91979631,2.91427088,7.87486875
"IDN","Western Pacific",2013,70.05398814,62.14445775,2.86934805,7.90953039
"IDN","Western Pacific",2014,70.30298584,62.3633082,2.96433568,7.93967764000001
"IDN","Western Pacific",2015,70.53899644,62.56766868,2.92428517,7.97132776000001
"IDN","Western Pacific",2016,70.77579907,62.76900049,3.02147198,8.00679858
"IDN","Western Pacific",2017,71.00063238,62.95499733,2.90417194,8.04563505
"IDN","Western Pacific",2018,71.1760389,63.10066633,2.86757827,8.07537256999999
"IDN","Western Pacific",2019,71.40110181,63.2893691,2.87862897,8.11173271
"IDN","Western Pacific",2020,69.70367312,61.93749408,3.42067289,7.76617904
"IDN","Western Pacific",2021,68.26167935,60.66924698,3.70634937,7.59243237
"JPN","Western Pacific",2000,81.5301793,71.1064404,7.03456163,10.4237389
"JPN","Western Pacific",2001,81.84225924,71.34064156,7.23947906,10.50161768
"JPN","Western Pacific",2002,82.10074471,71.53339025,7.35235405,10.56735446
"JPN","Western Pacific",2003,82.14025197,71.56624019,7.48654842,10.57401178
"JPN","Western Pacific",2004,82.37003875,71.73748142,7.53518438,10.63255733
"JPN","Western Pacific",2005,82.23817071,71.65527775,7.65818596,10.58289296
"JPN","Western Pacific",2006,82.59216336,71.91680251,7.68688869,10.67536085
"JPN","Western Pacific",2007,82.7592849,72.04255172,7.77935696,10.71673318
"JPN","Western Pacific",2008,82.83288975,72.10093676,8.08909321,10.73195299
"JPN","Western Pacific",2009,83.15818254,72.34024225,8.9587822,10.81794029
"JPN","Western Pacific",2010,83.08330199,72.30783735,9.0630064,10.77546464
"JPN","Western Pacific",2011,82.82691604,72.11954868,10.48780155,10.70736736
"JPN","Western Pacific",2012,83.32740995,72.54169749,10.67169094,10.78571246
"JPN","Western Pacific",2013,83.56021789,72.73898586,10.67438698,10.82123203
"JPN","Western Pacific",2014,83.79493082,72.92866584,10.7290144,10.86626498
"JPN","Western Pacific",2015,83.99957263,73.09945869,10.74969959,10.90011394
"JPN","Western Pacific",2016,84.15707196,73.24236418,10.65891552,10.91470778
"JPN","Western Pacific",2017,84.25809871,73.37306559,10.65627098,10.88503312
"JPN","Western Pacific",2018,84.35134487,73.48395797,10.73988247,10.8673869
"JPN","Western Pacific",2019,84.46675304,73.58129509,10.96998405,10.88545795
"JPN","Western Pacific",2020,84.66324868,73.63807718,11.44974613,11.0251715
"JPN","Western Pacific",2021,84.46067178,73.39518386,12.08108234,11.06548792
"KHM","Western Pacific",2000,59.10171682,51.77541703,6.48126554,7.32629979
"KHM","Western Pacific",2001,60.02516946,52.60065394,6.76028347,7.42451552
"KHM","Western Pacific",2002,60.98797015,53.46555396,6.91952753,7.52241619
"KHM","Western Pacific",2003,61.89363505,54.27504403,6.45762444,7.61859102
"KHM","Western Pacific",2004,62.73254827,55.02950582,6.48521805,7.70304245
"KHM","Western Pacific",2005,63.57944693,55.78037057,6.15001392,7.79907636
"KHM","Western Pacific",2006,64.39387062,56.50536253,5.36440325,7.88850809
"KHM","Western Pacific",2007,65.07853491,57.13598251,4.42702723,7.9425524
"KHM","Western Pacific",2008,65.7502876,57.75272114,5.61296654,7.99756646
"KHM","Western Pacific",2009,66.28526249,58.25620306,6.3089695,8.02905943
"KHM","Western Pacific",2010,66.7359551,58.67998069,5.62713194,8.05597441
"KHM","Western Pacific",2011,67.25370356,59.15056359,6.00443649,8.10313997000001
"KHM","Western Pacific",2012,67.72268359,59.57674811,5.77632856,8.14593548000001
"KHM","Western Pacific",2013,68.09456793,59.91932237,5.00863695,8.17524555999999
"KHM","Western Pacific",2014,68.40636847,60.21150065,4.40784645,8.19486782000001
"KHM","Western Pacific",2015,68.66739766,60.45328602,4.53898621,8.21411164000001
"KHM","Western Pacific",2016,68.91001703,60.67608118,4.49053288,8.23393585000001
"KHM","Western Pacific",2017,69.12694998,60.87513301,4.26933241,8.25181697000001
"KHM","Western Pacific",2018,69.35586113,61.07926126,4.49707794,8.27659986999999
"KHM","Western Pacific",2019,69.55846339,61.25419516,5.05801058,8.30426823
"KHM","Western Pacific",2020,69.84097141,61.4620016,5.13031435,8.37896980999999
"KHM","Western Pacific",2021,68.92399972,60.63072299,6.33888054,8.29327673
"KIR","Western Pacific",2000,60.08437065,52.85671305,7.77379847,7.22765759999999
"KIR","Western Pacific",2001,60.39204806,53.12548089,11.90547657,7.26656717
"KIR","Western Pacific",2002,60.60035552,53.32583499,11.4402895,7.27452053
"KIR","Western Pacific",2003,60.80039427,53.52049274,10.05060768,7.27990153
"KIR","Western Pacific",2004,60.91263256,53.63688137,12.17176056,7.27575119
"KIR","Western Pacific",2005,61.01859221,53.73234809,11.36301994,7.28624412
"KIR","Western Pacific",2006,61.1004495,53.79761467,11.30852318,7.30283483
"KIR","Western Pacific",2007,61.1868882,53.87236109,10.9454546,7.31452711
"KIR","Western Pacific",2008,61.27006207,53.94477502,13.51428604,7.32528705
"KIR","Western Pacific",2009,61.32259565,53.9926536,12.73888874,7.32994205
"KIR","Western Pacific",2010,61.36040242,54.0269657,8.76666641,7.33343672
"KIR","Western Pacific",2011,61.40193967,54.06690439,7.98947382,7.33503528
"KIR","Western Pacific",2012,61.47703351,54.13069241,7.94999981,7.3463411
"KIR","Western Pacific",2013,61.57296264,54.21378943,8.7081337,7.35917321
"KIR","Western Pacific",2014,61.63073757,54.26424538,8.9549551,7.36649219
"KIR","Western Pacific",2015,61.68537375,54.30665553,7.21568632,7.37871822
"KIR","Western Pacific",2016,61.75804085,54.36059506,9.04265118,7.39744579
"KIR","Western Pacific",2017,61.81777917,54.40601956,9.68424225,7.41175961
"KIR","Western Pacific",2018,60.74880481,53.53567819,10.89694214,7.21312662
"KIR","Western Pacific",2019,62.13784891,54.6630561,10.16600227,7.47479281
"KIR","Western Pacific",2020,61.87697198,54.47480891,13.65645027,7.40216307
"KIR","Western Pacific",2021,60.87345633,53.64987703,11.83228588,7.2235793
"KOR","Western Pacific",2000,75.85981554,66.55257842,3.71794796,9.30723712
"KOR","Western Pacific",2001,76.56907797,67.10066012,4.16983986,9.46841785
"KOR","Western Pacific",2002,76.94317285,67.40179382,3.90854764,9.54137903
"KOR","Western Pacific",2003,77.4435747,67.76749539,4.46640348,9.67607931000001
"KOR","Western Pacific",2004,77.92814417,68.14006296,4.43287992,9.78808121
"KOR","Western Pacific",2005,78.37092125,68.47206168,4.65223551,9.89885957
"KOR","Western Pacific",2006,78.96689178,68.92715128,4.95851803,10.0397405
"KOR","Western Pacific",2007,79.37954426,69.23425224,4.95834208,10.14529202
"KOR","Western Pacific",2008,79.90917941,69.632097,5.24642324,10.27708241
"KOR","Western Pacific",2009,80.36278413,69.96164206,5.68525076,10.40114207
"KOR","Western Pacific",2010,80.53713356,70.1106197,5.79390717,10.42651386
"KOR","Western Pacific",2011,80.95337202,70.41507353,5.90292883,10.53829849
"KOR","Western Pacific",2012,81.13219539,70.55709294,5.9576025,10.57510245
"KOR","Western Pacific",2013,81.68616863,70.93838221,6.06858635,10.74778642
"KOR","Western Pacific",2014,82.15999534,71.26815504,6.24487352,10.8918403
"KOR","Western Pacific",2015,82.40187033,71.45146537,6.46202612,10.95040496
"KOR","Western Pacific",2016,82.73176167,71.71298616,6.6356945,11.01877551
"KOR","Western Pacific",2017,83.09217588,72.03314242,6.79827499,11.05903346
"KOR","Western Pacific",2018,83.15048365,72.12304302,7.14222002,11.02744063
"KOR","Western Pacific",2019,83.68842093,72.50021771,7.69397116,11.18820322
"KOR","Western Pacific",2020,83.79726372,72.49856636,8.02722836,11.29869736
"KOR","Western Pacific",2021,83.79982334,72.45058607,8.34412766,11.34923727
"LAO","Western Pacific",2000,58.27571315,51.73460547,4.27513599,6.54110768
"LAO","Western Pacific",2001,58.88681637,52.27774408,4.29031658,6.60907229
"LAO","Western Pacific",2002,59.61142102,52.90115445,3.69751263,6.71026657
"LAO","Western Pacific",2003,60.19558269,53.40766629,4.47920704,6.7879164
"LAO","Western Pacific",2004,60.73825821,53.87792767,3.5405724,6.86033054
"LAO","Western Pacific",2005,61.3511366,54.41454576,3.33673191,6.93659083999999
"LAO","Western Pacific",2006,61.98382706,54.97527798,2.93200922,7.00854908
"LAO","Western Pacific",2007,62.60763355,55.53787789,3.12986231,7.06975566
"LAO","Western Pacific",2008,63.1872824,56.06944946,2.76727295,7.11783294
"LAO","Western Pacific",2009,63.79585544,56.61927915,3.46300411,7.17657629
"LAO","Western Pacific",2010,64.42237003,57.17278947,2.91154933,7.24958056
"LAO","Western Pacific",2011,65.03889894,57.70973733,1.94457507,7.32916160999999
"LAO","Western Pacific",2012,65.52691412,58.14375914,2.07637572,7.38315498
"LAO","Western Pacific",2013,65.9670211,58.54222835,2.39984965,7.42479275
"LAO","Western Pacific",2014,66.43037564,58.95624582,2.29845548,7.47412982
"LAO","Western Pacific",2015,66.87363139,59.34540763,2.45366454,7.52822376
"LAO","Western Pacific",2016,67.33210713,59.73982395,2.36087489,7.59228318
"LAO","Western Pacific",2017,67.7232745,60.06929639,2.52606821,7.65397811
"LAO","Western Pacific",2018,68.05389772,60.34482094,2.24630046,7.70907678
"LAO","Western Pacific",2019,68.35701918,60.59709708,2.60312223,7.7599221
"LAO","Western Pacific",2020,68.74340275,60.93575749,2.05965185,7.80764526
"LAO","Western Pacific",2021,68.23189407,60.41180302,2.74392009,7.82009105
"MNG","Western Pacific",2000,63.19839599,55.64320671,6.07605076,7.55518928
"MNG","Western Pacific",2001,63.48955882,55.91591687,5.4423995,7.57364195
"MNG","Western Pacific",2002,63.99267039,56.36776428,5.49190998,7.62490611
"MNG","Western Pacific",2003,64.44695031,56.77817969,4.29768944,7.66877062
"MNG","Western Pacific",2004,64.84071925,57.13197487,4.30204487,7.70874438000001
"MNG","Western Pacific",2005,65.26255095,57.50367344,3.86456275,7.75887751
"MNG","Western Pacific",2006,65.78316962,57.94088451,3.74971509,7.84228511
"MNG","Western Pacific",2007,66.37749458,58.4262912,4.07522774,7.95120338
"MNG","Western Pacific",2008,66.90211117,58.86476988,4.55693007,8.03734129
"MNG","Western Pacific",2009,66.92759176,58.9213644,4.45980072,8.00622736
"MNG","Western Pacific",2010,67.10227644,59.06483186,3.73945642,8.03744458
"MNG","Western Pacific",2011,67.30366439,59.21664641,3.58612084,8.08701797999999
"MNG","Western Pacific",2012,67.84058521,59.64088763,3.85800076,8.19969758
"MNG","Western Pacific",2013,68.39260768,60.08953212,4.08932018,8.30307556
"MNG","Western Pacific",2014,68.96351192,60.54107191,4.20989752,8.42244001
"MNG","Western Pacific",2015,69.246045,60.78328775,4.23154545,8.46275725
"MNG","Western Pacific",2016,69.64443247,61.11199411,4.58008575,8.53243836
"MNG","Western Pacific",2017,70.09899409,61.48112656,4.33954191,8.61786753
"MNG","Western Pacific",2018,70.47775442,61.79001141,4.53449297,8.68774301
"MNG","Western Pacific",2019,70.7501793,62.00196014,4.49497986,8.74821916
"MNG","Western Pacific",2020,72.70622882,63.41105649,4.6662488,9.29517233000001
"MNG","Western Pacific",2021,70.09795294,61.31316296,7.21042728,8.78478998
"MYS","Western Pacific",2000,73.01343106,64.12973279,2.51463366,8.88369827
"MYS","Western Pacific",2001,73.51935373,64.52980694,2.6753974,8.98954679000001
"MYS","Western Pacific",2002,73.78194217,64.7579928,2.66876554,9.02394937
"MYS","Western Pacific",2003,73.62194031,64.66928223,2.92417073,8.95265808000001
"MYS","Western Pacific",2004,73.82138244,64.84760681,2.86016941,8.97377562999999
"MYS","Western Pacific",2005,74.06194883,65.05011705,2.78692698,9.01183178000001
"MYS","Western Pacific",2006,74.30399222,65.24163549,3.10897732,9.06235673
"MYS","Western Pacific",2007,74.43641055,65.35450914,3.07041144,9.08190141
"MYS","Western Pacific",2008,74.19396011,65.18994783,3.00692558,9.00401228000001
"MYS","Western Pacific",2009,74.01457452,65.06612771,3.2610569,8.94844680999999
"MYS","Western Pacific",2010,74.02631776,65.07916071,3.16474271,8.94715705
"MYS","Western Pacific",2011,74.23051803,65.22203312,3.31451917,9.00848490999999
"MYS","Western Pacific",2012,74.61637828,65.49192273,3.45786357,9.12445555000001
"MYS","Western Pacific",2013,74.72307296,65.56381932,3.51276922,9.15925364
"MYS","Western Pacific",2014,74.64731536,65.50002263,3.71036959,9.14729272999999
"MYS","Western Pacific",2015,74.27826363,65.21056295,3.82201481,9.06770068
"MYS","Western Pacific",2016,74.41949575,65.30067441,3.70085335,9.11882134
"MYS","Western Pacific",2017,74.40097684,65.28464257,3.71472311,9.11633427
"MYS","Western Pacific",2018,74.52805915,65.37381246,3.75944281,9.15424669000001
"MYS","Western Pacific",2019,74.68410362,65.48693368,3.83991051,9.19716994
"MYS","Western Pacific",2020,76.78965822,66.99996633,4.08254337,9.78969189
"MYS","Western Pacific",2021,72.8101035,63.9469182,4.37438345,8.8631853
"NZL","Western Pacific",2000,78.57519182,67.2678924,7.46995974,11.30729942
"NZL","Western Pacific",2001,78.46853865,67.23153851,7.5789361,11.23700014
"NZL","Western Pacific",2002,78.65902491,67.38943965,7.90034246,11.26958526
"NZL","Western Pacific",2003,79.05551434,67.70005572,7.72179937,11.35545862
"NZL","Western Pacific",2004,79.15482107,67.80048655,7.90095711,11.35433452
"NZL","Western Pacific",2005,79.93637338,68.36074696,8.27324677,11.57562642
"NZL","Western Pacific",2006,79.88697688,68.36335386,8.63846684,11.52362302
"NZL","Western Pacific",2007,80.04299252,68.48216738,8.32899952,11.56082514
"NZL","Western Pacific",2008,80.3067588,68.69816689,8.65133667,11.60859191
"NZL","Western Pacific",2009,80.56243651,68.91864067,9.13566399,11.64379584
"NZL","Western Pacific",2010,80.9444522,69.18613996,9.09511089,11.75831224
"NZL","Western Pacific",2011,80.74980096,69.0459536,9.10748196,11.70384736
"NZL","Western Pacific",2012,81.08807722,69.2666896,9.20243168,11.82138762
"NZL","Western Pacific",2013,81.36359879,69.44043867,8.9393549,11.92316012
"NZL","Western Pacific",2014,81.19298738,69.29686342,8.97204113,11.89612396
"NZL","Western Pacific",2015,81.31375727,69.37421059,8.88920593,11.93954668
"NZL","Western Pacific",2016,81.73038595,69.66775909,8.76869011,12.06262686
"NZL","Western Pacific",2017,81.16380852,69.27215479,8.61795807,11.89165373
"NZL","Western Pacific",2018,81.75540508,69.70692938,8.56966972,12.0484757
"NZL","Western Pacific",2019,81.81181567,69.74499622,8.61898708,12.06681945
"NZL","Western Pacific",2020,82.5016081,70.19413907,9.25240231,12.30746903
"NZL","Western Pacific",2021,82.20149177,69.98321689,9.55072403,12.21827488
"PHL","Western Pacific",2000,69.97452897,61.24675885,3.05512357,8.72777012
"PHL","Western Pacific",2001,69.62976888,61.03412031,2.84775972,8.59564857
"PHL","Western Pacific",2002,69.42147225,60.94464488,2.63767385,8.47682737
"PHL","Western Pacific",2003,69.52481782,61.05717766,3.07663488,8.46764016
"PHL","Western Pacific",2004,69.2903715,60.94930236,3.0468533,8.34106914000001
"PHL","Western Pacific",2005,69.36187224,61.02717932,3.74253035,8.33469292
"PHL","Western Pacific",2006,69.22944541,60.92412357,3.77762938,8.30532184
"PHL","Western Pacific",2007,69.58190674,61.20836329,3.75318074,8.37354344999999
"PHL","Western Pacific",2008,69.54674107,61.20741316,3.86315918,8.33932791
"PHL","Western Pacific",2009,69.39723001,61.10421274,4.16451931,8.29301727
"PHL","Western Pacific",2010,69.68865207,61.33977796,4.13107872,8.34887411
"PHL","Western Pacific",2011,69.78448284,61.43255175,4.02518559,8.35193108999999
"PHL","Western Pacific",2012,69.54178119,61.27801696,4.17709208,8.26376422999999
"PHL","Western Pacific",2013,69.44796065,61.20889231,4.27408695,8.23906834
"PHL","Western Pacific",2014,69.80391436,61.50606408,3.70313668,8.29785027999999
"PHL","Western Pacific",2015,69.51615532,61.31966852,3.8982749,8.1964868
"PHL","Western Pacific",2016,69.24553796,61.09122222,3.95484328,8.15431573999999
"PHL","Western Pacific",2017,69.6392585,61.39263066,3.96042776,8.24662784
"PHL","Western Pacific",2018,69.67627942,61.43273386,3.9538188,8.24354556
"PHL","Western Pacific",2019,69.42943033,61.25593066,4.16646004,8.17349967
"PHL","Western Pacific",2020,69.6404352,61.30162838,5.16214037,8.33880682
"PHL","Western Pacific",2021,66.40834182,58.76780317,5.97500563,7.64053865
"PNG","Western Pacific",2000,63.35685153,55.57183426,2.0184176,7.78501727
"PNG","Western Pacific",2001,63.3735659,55.60836188,2.3006382,7.76520402000001
"PNG","Western Pacific",2002,63.43343076,55.6854782,2.77562952,7.74795256
"PNG","Western Pacific",2003,63.55882521,55.80948385,2.4531486,7.74934136
"PNG","Western Pacific",2004,63.6270316,55.88336331,2.59372902,7.74366829
"PNG","Western Pacific",2005,63.68705774,55.95300663,2.44874048,7.73405111
"PNG","Western Pacific",2006,63.77212081,56.03318017,2.42600322,7.73894064
"PNG","Western Pacific",2007,64.07514301,56.28016559,2.42102122,7.79497742
"PNG","Western Pacific",2008,64.35307086,56.50588328,2.13526058,7.84718758
"PNG","Western Pacific",2009,64.63295489,56.72673716,2.32937527,7.90621773
"PNG","Western Pacific",2010,64.88774886,56.94120949,2.10756016,7.94653937
"PNG","Western Pacific",2011,65.03278821,57.08254316,2.29397798,7.95024505000001
"PNG","Western Pacific",2012,65.16940213,57.20951807,2.66693544,7.95988405999999
"PNG","Western Pacific",2013,65.47647701,57.47551661,2.99727893,8.0009604
"PNG","Western Pacific",2014,65.75249158,57.72192564,3.27119064,8.03056594
"PNG","Western Pacific",2015,66.00102041,57.9362169,1.81881714,8.06480351
"PNG","Western Pacific",2016,66.19035356,58.08790057,2.33063054,8.10245299
"PNG","Western Pacific",2017,66.39410121,58.24938316,2.22970986,8.14471805
"PNG","Western Pacific",2018,66.51753655,58.34477259,2.30051899,8.17276396
"PNG","Western Pacific",2019,66.67377821,58.47479919,2.3253386,8.19897902
"PNG","Western Pacific",2020,66.27049986,58.21867966,2.30193973,8.0518202
"PNG","Western Pacific",2021,65.48786529,57.48175702,2.33994722,8.00610827
"SGP","Western Pacific",2000,78.52088806,69.40960714,3.343364,9.11128092
"SGP","Western Pacific",2001,79.14204312,69.88456747,3.16302657,9.25747565
"SGP","Western Pacific",2002,79.33785577,70.04764633,3.358464,9.29020944
"SGP","Western Pacific",2003,79.61117466,70.26662676,3.60699272,9.34454790000001
"SGP","Western Pacific",2004,80.33727579,70.8144444,3.15019798,9.52283139000001
"SGP","Western Pacific",2005,80.54232367,70.98923821,3.03367925,9.55308546
"SGP","Western Pacific",2006,80.98074622,71.35200063,2.9347465,9.62874558999999
"SGP","Western Pacific",2007,80.58124756,71.10842397,2.83749056,9.47282358999999
"SGP","Western Pacific",2008,80.97823119,71.43726191,3.19488454,9.54096928
"SGP","Western Pacific",2009,81.58275269,71.93212694,3.39370513,9.65062575
"SGP","Western Pacific",2010,81.76163848,72.09928516,3.1982615,9.66235332000001
"SGP","Western Pacific",2011,81.96030215,72.25753327,3.1539185,9.70276888000001
"SGP","Western Pacific",2012,82.21523479,72.45356842,3.32392788,9.76166637
"SGP","Western Pacific",2013,82.36588027,72.57421998,3.68225336,9.79166029000001
"SGP","Western Pacific",2014,82.60495523,72.75875555,3.87132597,9.84619968
"SGP","Western Pacific",2015,82.84921063,72.9428666,4.18061399,9.90634403
"SGP","Western Pacific",2016,83.24199269,73.25027778,4.37989521,9.99171491
"SGP","Western Pacific",2017,83.22151158,73.26214888,4.35978413,9.9593627
"SGP","Western Pacific",2018,83.50811882,73.49633197,4.07275724,10.01178685
"SGP","Western Pacific",2019,83.8984774,73.79679211,4.40746737,10.10168529
"SGP","Western Pacific",2020,83.99653626,73.8017058,5.70015287,10.19483046
"SGP","Western Pacific",2021,83.85708962,73.64695048,5.14599705,10.21013914
"SLB","Western Pacific",2000,63.397598,56.29847984,4.82778931,7.09911816
"SLB","Western Pacific",2001,63.45373664,56.34685176,6.60712814,7.10688488
"SLB","Western Pacific",2002,63.47177399,56.36691059,10.10627556,7.1048634
"SLB","Western Pacific",2003,63.54307905,56.43304965,7.07724714,7.1100294
"SLB","Western Pacific",2004,63.61418491,56.49743808,7.72556639,7.11674683
"SLB","Western Pacific",2005,63.69667846,56.57011211,9.01794529,7.12656635
"SLB","Western Pacific",2006,63.79244472,56.64631389,8.00802231,7.14613083
"SLB","Western Pacific",2007,63.76837921,56.61036057,7.18583059,7.15801864
"SLB","Western Pacific",2008,64.05632367,56.85559461,5.50656271,7.20072906
"SLB","Western Pacific",2009,64.16468031,56.9402253,6.6096673,7.22445500999999
"SLB","Western Pacific",2010,64.36844431,57.09992536,4.66862011,7.26851895
"SLB","Western Pacific",2011,64.51306313,57.22052997,5.03008652,7.29253316
"SLB","Western Pacific",2012,64.70197152,57.36977599,4.88045692,7.33219553
"SLB","Western Pacific",2013,64.84559966,57.47978882,4.58030891,7.36581084
"SLB","Western Pacific",2014,64.95591891,57.5661981,4.88962364,7.38972080999999
"SLB","Western Pacific",2015,65.15166823,57.72303274,4.45310211,7.42863549
"SLB","Western Pacific",2016,65.29462393,57.82746429,4.52952909,7.46715964
"SLB","Western Pacific",2017,65.4106128,57.91736424,4.16556406,7.49324856
"SLB","Western Pacific",2018,65.55013712,58.02310151,3.86440825,7.52703561000001
"SLB","Western Pacific",2019,65.67290557,58.1151824,4.43728065,7.55772317
"SLB","Western Pacific",2020,65.39475136,57.91053169,4.89478445,7.48421967
"SLB","Western Pacific",2021,64.79245685,57.36717644,4.94795895,7.42528040999999
"TON","Western Pacific",2000,70.95399808,62.71422844,2.90389204,8.23976964000001
"TON","Western Pacific",2001,71.21713536,62.90071039,3.42501593,8.31642497
"TON","Western Pacific",2002,71.2515614,62.91137018,3.58957744,8.34019122
"TON","Western Pacific",2003,71.25830559,62.90169045,3.43583083,8.35661514000001
"TON","Western Pacific",2004,71.44335848,63.02496611,4.50741625,8.41839237
"TON","Western Pacific",2005,71.97193468,63.40157156,4.38560247,8.57036312
"TON","Western Pacific",2006,72.01750935,63.43607398,5.47225046,8.58143536999999
"TON","Western Pacific",2007,72.00901963,63.43207006,4.73330021,8.57694957
"TON","Western Pacific",2008,72.00245834,63.42828076,6.05759716,8.57417758
"TON","Western Pacific",2009,70.18279546,61.93972794,3.97380877,8.24306752
"TON","Western Pacific",2010,72.11458049,63.51303675,4.81632328,8.60154374
"TON","Western Pacific",2011,72.18060639,63.56158026,4.73990822,8.61902613
"TON","Western Pacific",2012,72.2449478,63.60731878,8.13786125,8.63762902000001
"TON","Western Pacific",2013,72.30723111,63.65152268,4.16768837,8.65570843
"TON","Western Pacific",2014,72.38182372,63.70338919,5.19583178,8.67843453
"TON","Western Pacific",2015,72.46352791,63.75742924,4.78137636,8.70609867
"TON","Western Pacific",2016,72.56032607,63.81532015,5.22591066,8.74500592
"TON","Western Pacific",2017,72.71571833,63.91955394,5.62952805,8.79616439
"TON","Western Pacific",2018,72.84423109,63.99906678,6.12240648,8.84516430999999
"TON","Western Pacific",2019,72.94212581,64.05438576,5.74527884,8.88774004999999
"TON","Western Pacific",2020,73.18678447,64.18158675,5.55919838,9.00519772000001
"TON","Western Pacific",2021,72.72088222,63.78331133,7.06254101,8.93757089
"VNM","Western Pacific",2000,71.87399979,63.73765328,4.10752726,8.13634651
"VNM","Western Pacific",2001,71.97988323,63.85565192,4.80107498,8.12423131
"VNM","Western Pacific",2002,72.06004934,63.9507848,3.87075853,8.10926454
"VNM","Western Pacific",2003,72.11217075,64.01757718,3.94229889,8.09459357
"VNM","Western Pacific",2004,72.15340395,64.0752121,4.08791971,8.07819185
"VNM","Western Pacific",2005,72.17650018,64.11419754,4.31821251,8.06230264
"VNM","Western Pacific",2006,72.23737668,64.17853412,4.56979847,8.05884256
"VNM","Western Pacific",2007,72.30106944,64.23966289,4.62917614,8.06140655
"VNM","Western Pacific",2008,72.35184572,64.28905493,4.36028337,8.06279078999999
"VNM","Western Pacific",2009,72.41132963,64.34049674,4.48502922,8.07083288999999
"VNM","Western Pacific",2010,72.48813081,64.4088527,5.07146072,8.07927811
"VNM","Western Pacific",2011,72.61270345,64.51306762,4.97468519,8.09963583
"VNM","Western Pacific",2012,72.74028809,64.61366727,5.00178242,8.12662082000001
"VNM","Western Pacific",2013,72.83984641,64.69064668,4.41233158,8.14919973000001
"VNM","Western Pacific",2014,72.95094965,64.77673296,4.69078779,8.17421669
"VNM","Western Pacific",2015,73.03125783,64.84079476,4.71140909,8.19046307000001
"VNM","Western Pacific",2016,73.21381033,64.98704816,4.86994743,8.22676217
"VNM","Western Pacific",2017,73.40138207,65.13925556,4.99014759,8.26212651
"VNM","Western Pacific",2018,73.56096825,65.27007984,5.02678823,8.29088841000001
"VNM","Western Pacific",2019,73.71007094,65.38787599,4.97407484,8.32219495
"VNM","Western Pacific",2020,74.77582966,66.16425416,4.33219814,8.6115755
"VNM","Western Pacific",2021,73.7965773,65.35112469,4.53792429,8.44545260999999
"VUT","Western Pacific",2000,64.92630401,57.48523908,3.30683255,7.44106493
"VUT","Western Pacific",2001,64.97955845,57.54953312,3.38728333,7.43002533
"VUT","Western Pacific",2002,65.03950977,57.64689461,3.90437746,7.39261516
"VUT","Western Pacific",2003,65.08697701,57.75006014,3.50691938,7.33691687
"VUT","Western Pacific",2004,65.14603809,57.85244644,3.53991532,7.29359165
"VUT","Western Pacific",2005,65.24030241,57.95560921,3.30490398,7.2846932
"VUT","Western Pacific",2006,65.37131308,58.05453508,3.32229328,7.31677799999999
"VUT","Western Pacific",2007,65.5182575,58.17364978,3.10786796,7.34460772000001
"VUT","Western Pacific",2008,65.68985149,58.30944988,3.13883376,7.38040160999999
"VUT","Western Pacific",2009,65.89385815,58.46867184,3.25181413,7.42518631
"VUT","Western Pacific",2010,66.08385743,58.61381238,3.52637076,7.47004505
"VUT","Western Pacific",2011,66.2618784,58.75461745,3.59770703,7.50726095
"VUT","Western Pacific",2012,66.43172159,58.88706493,3.93631458,7.54465665999999
"VUT","Western Pacific",2013,66.60736544,59.02449505,4.39240074,7.58287039
"VUT","Western Pacific",2014,66.71134263,59.09969255,3.64018846,7.61165008
"VUT","Western Pacific",2015,66.79010699,59.15597263,4.1583128,7.63413436
"VUT","Western Pacific",2016,66.91782394,59.24772327,2.98904061,7.67010067
"VUT","Western Pacific",2017,66.98064455,59.2846854,2.88118052,7.69595914999999
"VUT","Western Pacific",2018,67.04714117,59.3231419,3.44049001,7.72399927
"VUT","Western Pacific",2019,67.13030878,59.37807211,3.49615431,7.75223667
"VUT","Western Pacific",2020,67.09750807,59.3544731,4.12128973,7.74303497
"VUT","Western Pacific",2021,66.3483713,58.6825513,4.58828115,7.66582
"WSM","Western Pacific",2000,69.60483332,61.26449195,4.28232527,8.34034137
"WSM","Western Pacific",2001,69.77577511,61.40566706,3.81804991,8.37010805
"WSM","Western Pacific",2002,69.93318688,61.55394575,4.49205494,8.37924113
"WSM","Western Pacific",2003,70.05898224,61.68519764,4.17237139,8.37378460000001
"WSM","Western Pacific",2004,70.17537437,61.80016909,4.52578545,8.37520528
"WSM","Western Pacific",2005,70.24626535,61.85297389,4.63365459,8.39329146
"WSM","Western Pacific",2006,70.43219518,61.98726859,4.88451385,8.44492658999999
"WSM","Western Pacific",2007,70.4708852,62.00486266,4.7446332,8.46602254
"WSM","Western Pacific",2008,70.48283276,62.0017378,4.53258085,8.48109495999999
"WSM","Western Pacific",2009,68.73125976,60.4626511,5.12732029,8.26860866
"WSM","Western Pacific",2010,70.48867026,61.94536477,5.15268326,8.54330549000001
"WSM","Western Pacific",2011,70.50058194,61.94282539,5.38357162,8.55775655
"WSM","Western Pacific",2012,70.27478818,61.74732831,4.9883461,8.52745987
"WSM","Western Pacific",2013,70.24040584,61.70795877,6.21823883,8.53244707
"WSM","Western Pacific",2014,70.13172182,61.60734908,6.36147165,8.52437274
"WSM","Western Pacific",2015,70.01944065,61.50662,6.01321936,8.51282065000001
"WSM","Western Pacific",2016,69.92083473,61.41832838,5.63959885,8.50250635
"WSM","Western Pacific",2017,69.98522366,61.45671687,5.16343021,8.52850679
"WSM","Western Pacific",2018,70.09269594,61.52961167,4.77525806,8.56308427
"WSM","Western Pacific",2019,69.99170791,61.41862051,5.64761591,8.57308740000001
"WSM","Western Pacific",2020,70.19462777,61.59476545,6.09105825,8.59986232
"WSM","Western Pacific",2021,70.27372108,61.57028355,7.19651461,8.70343753
